날짜,종목명,주문,매매가격(원),수량(주),사유,수익률
20170102,한국팩키지(A037230),매수,4585,712,매수로직 매수 - (매수가) 우선순위 : 2,-
20170104,바이오로그디바이스(A208710),매수,3085,1076,매수로직 매수 - (매수가) 우선순위 : 2,-
20170104,한국팩키지(A037230),매도,4820,712.0,날짜지나 매도 : 20170102 ~ 20170104 설정가격매도,5.125408942202835%
20170106,이엠넷(A123570),매수,3405,960,매수로직 매수 - (매수가) 우선순위 : 1,-
20170106,바이오로그디바이스(A208710),매도,3050,1076,날짜지나 매도 : 20170104 ~ 20170106 설정가격매도,-1.1345218800648298%
20170110,능률교육(A053290),매수,7460,444,매수로직 매수 - (매수가) 우선순위 : 1,-
20170110,와이비엠넷(A057030),매수,12500,265,매수로직 매수 - (매수가) 우선순위 : 2,-
20170110,이엠넷(A123570),매도,3455,960,날짜지나 매도 : 20170106 ~ 20170110 설정가격매도,1.4684287812041115%
20170111,에스코넥(A096630),매수,3070,1076,매수로직 매수 - (매수가) 우선순위 : 1,-
20170112,능률교육(A053290),매도,7480,444.0,날짜지나 매도 : 20170110 ~ 20170112 설정가격매도,0.2680965147453083%
20170112,와이비엠넷(A057030),매도,11850,265,날짜지나 매도 : 20170110 ~ 20170112 설정가격매도,-5.2%
20170113,한국팩키지(A037230),매수,4870,678.0,매수로직 매수 - (매수가) 우선순위 : 1,-
20170113,에스코넥(A096630),매도,3210,1076.0,날짜지나 매도 : 20170111 ~ 20170113 설정가격매도,4.5602605863192185%
20170116,고려산업(A002140),매수,7270,446,매수로직 매수 - (매수가) 우선순위 : 1,-
20170117,동양물산(A002900),매수,4705,688,매수로직 매수 - (매수가) 우선순위 : 1,-
20170117,한국팩키지(A037230),매도,4440,678,날짜지나 매도 : 20170113 ~ 20170117 설정가격매도,-8.829568788501026%
20170118,고려산업(A002140),매도,7740,446,날짜지나 매도 : 20170116 ~ 20170118 설정가격매도,6.464924346629987%
20170119,이구산업(A025820),매수,2970,1090.0,매수로직 매수 - (매수가) 우선순위 : 2,-
20170119,동양물산(A002900),매도,4580,688,날짜지나 매도 : 20170117 ~ 20170119 설정가격매도,-2.6567481402763016%
20170123,와이엠씨(A155650),매수,5713,561,매수로직 매수 - (매수가) 우선순위 : 1,-
20170123,이구산업(A025820),매도,2900,1090,날짜지나 매도 : 20170119 ~ 20170123 설정가격매도,-2.356902356902357%
20170124,케이씨에스(A115500),매수,7900,402,매수로직 매수 - (매수가) 우선순위 : 1,-
20170124,서산(A079650),매수,8410,374,매수로직 매수 - (매수가) 우선순위 : 2,-
20170125,와이엠씨(A155650),매도,5763,561.0,날짜지나 매도 : 20170123 ~ 20170125 설정가격매도,0.875196919306844%
20170126,디젠스(A113810),매수,2263,1312,매수로직 매수 - (매수가) 우선순위 : 1,-
20170126,케이씨에스(A115500),매도,6717,402.0,날짜지나 매도 : 20170124 ~ 20170126 설정가격매도,-14.974683544303796%
20170126,서산(A079650),매도,7800,374,날짜지나 매도 : 20170124 ~ 20170126 설정가격매도,-7.253269916765754%
20170131,디비케이(A073190),매수,4075,741,매수로직 매수 - (매수가) 우선순위 : 1,-
20170131,디젠스(A113810),매도,2604,1312.0,목표가매도,15.068493150684931%
20170201,대주산업(A003310),매수,2525,1245.0,매수로직 매수 - (매수가) 우선순위 : 2,-
20170201,대주산업(A003310),매도,2905,1245.0,당일목표가매도,15.049504950495049%
20170202,KD건설(A044180),매수,287,11031,매수로직 매수 - (매수가) 우선순위 : 2,-
20170203,대주산업(A003310),매수,3455,928,매수로직 매수 - (매수가) 우선순위 : 1,-
20170203,디비케이(A073190),매도,4070,741,날짜지나 매도 : 20170131 ~ 20170203 설정가격매도,-0.1226993865030675%
20170203,KD건설(A044180),매도,330,11031.0,목표가매도,14.982578397212542%
20170207,SG&G(A040610),매수,4980,696,매수로직 매수 - (매수가) 우선순위 : 1,-
20170207,에치디프로(A214870),매수,4156,833.0,매수로직 매수 - (매수가) 우선순위 : 2,-
20170208,대주산업(A003310),매도,3335,928.0,날짜지나 매도 : 20170203 ~ 20170208 설정가격매도,-3.4732272069464547%
20170209,에치디프로(A214870),매도,4185,833.0,날짜지나 매도 : 20170207 ~ 20170209 설정가격매도,0.697786333012512%
20170210,KD건설(A044180),매수,453,7445,매수로직 매수 - (매수가) 우선순위 : 1,-
20170210,KD건설(A044180),매도,520,7445,당일목표가매도,14.79028697571744%
20170210,디젠스(A113810),매수,3044,1107,매수로직 매수 - (매수가) 우선순위 : 2,-
20170210,SG&G(A040610),매도,4950,696,날짜지나 매도 : 20170207 ~ 20170210 설정가격매도,-0.6024096385542169%
20170213,디젠스(A113810),매도,3501,1107.0,목표가매도,15.013140604467806%
20170214,SG&G(A040610),매수,6070,607,매수로직 매수 - (매수가) 우선순위 : 1,-
20170214,이원컴포텍(A088290),매수,4381,841.0,매수로직 매수 - (매수가) 우선순위 : 2,-
20170216,에치디프로(A214870),매수,4670,808,매수로직 매수 - (매수가) 우선순위 : 1,-
20170216,SG&G(A040610),매도,6420,607,날짜지나 매도 : 20170214 ~ 20170216 설정가격매도,5.766062602965404%
20170216,이원컴포텍(A088290),매도,4510,841,날짜지나 매도 : 20170214 ~ 20170216 설정가격매도,2.944533211595526%
20170217,두올산업(A078590),매수,2960,1283.0,매수로직 매수 - (매수가) 우선순위 : 1,-
20170220,에치디프로(A214870),매도,4670,808.0,날짜지나 매도 : 20170216 ~ 20170220 설정가격매도,0.0%
20170220,두올산업(A078590),매도,3404,1283.0,목표가매도,15.0%
20170221,텔콘(A200230),매수,5100,777,매수로직 매수 - (매수가) 우선순위 : 2,-
20170222,위즈코프(A038620),매수,2700,1482.0,매수로직 매수 - (매수가) 우선순위 : 1,-
20170222,메이슨캐피탈(A021880),매수,867,4617,매수로직 매수 - (매수가) 우선순위 : 2,-
20170223,텔콘(A200230),매도,5270,777,날짜지나 매도 : 20170221 ~ 20170223 설정가격매도,3.3333333333333335%
20170224,에프알텍(A073540),매수,3910,1013,매수로직 매수 - (매수가) 우선순위 : 1,-
20170224,위즈코프(A038620),매도,2828,1482.0,날짜지나 매도 : 20170222 ~ 20170224 설정가격매도,4.7407407407407405%
20170224,메이슨캐피탈(A021880),매도,823,4617,날짜지나 매도 : 20170222 ~ 20170224 설정가격매도,-5.074971164936563%
20170228,에프알텍(A073540),매도,3620,1013,날짜지나 매도 : 20170224 ~ 20170228 설정가격매도,-7.41687979539642%
20170303,아남전자(A008700),매수,1720,2247,매수로직 매수 - (매수가) 우선순위 : 1,-
20170306,KNN(A058400),매수,1360,2918,매수로직 매수 - (매수가) 우선순위 : 1,-
20170307,아남전자(A008700),매도,1900,2247,날짜지나 매도 : 20170303 ~ 20170307 설정가격매도,10.465116279069768%
20170307,KNN(A058400),매도,1565,2918.0,목표가매도,15.073529411764705%
20170308,KD건설(A044180),매수,415,10137.0,매수로직 매수 - (매수가) 우선순위 : 1,-
20170310,DSR제강(A069730),매수,16700,255,매수로직 매수 - (매수가) 우선순위 : 1,-
20170310,DSR제강(A069730),매도,19250,255,당일목표가매도,15.269461077844312%
20170310,우성사료(A006980),매수,4300,964,매수로직 매수 - (매수가) 우선순위 : 2,-
20170310,우성사료(A006980),매도,5000,964,당일목표가매도,16.27906976744186%
20170310,KD건설(A044180),매도,431,10137,날짜지나 매도 : 20170308 ~ 20170310 설정가격매도,3.8554216867469884%
20170313,케이씨에스(A115500),매수,7950,586,매수로직 매수 - (매수가) 우선순위 : 1,-
20170313,KD건설(A044180),매수,484,9664.0,매수로직 매수 - (매수가) 우선순위 : 2,-
20170313,세우글로벌(A013000),매수,3555,1304,매수로직 매수 - (매수가) 우선순위 : 3,-
20170314,세우글로벌(A013000),매도,4089,1304.0,목표가매도,15.021097046413502%
20170315,티에스인베스트먼트(A246690),매수,5770,846,매수로직 매수 - (매수가) 우선순위 : 1,-
20170315,케이씨에스(A115500),매도,8770,586,날짜지나 매도 : 20170313 ~ 20170315 설정가격매도,10.314465408805033%
20170315,KD건설(A044180),매도,439,9664,날짜지나 매도 : 20170313 ~ 20170315 설정가격매도,-9.297520661157025%
20170316,티에스인베스트먼트(A246690),매도,6690,846.0,목표가매도,15.944540727902945%
20170322,모헨즈(A006920),매수,6110,843,매수로직 매수 - (매수가) 우선순위 : 1,-
20170322,하이소닉(A106080),매수,4620,1115,매수로직 매수 - (매수가) 우선순위 : 2,-
20170323,서울제약(A018680),매수,13100,389,매수로직 매수 - (매수가) 우선순위 : 1,-
20170324,모헨즈(A006920),매도,5970,843,날짜지나 매도 : 20170322 ~ 20170324 설정가격매도,-2.2913256955810146%
20170324,하이소닉(A106080),매도,4610,1115,날짜지나 매도 : 20170322 ~ 20170324 설정가격매도,-0.21645021645021645%
20170327,서울제약(A018680),매도,11900,389,날짜지나 매도 : 20170323 ~ 20170327 설정가격매도,-9.16030534351145%
20170328,이화공영(A001840),매수,6190,798.0,매수로직 매수 - (매수가) 우선순위 : 1,-
20170328,다믈멀티미디어(A093640),매수,7300,640,매수로직 매수 - (매수가) 우선순위 : 3,-
20170328,다믈멀티미디어(A093640),매도,8400,640,당일목표가매도,15.068493150684931%
20170329,우리들제약(A004720),매수,24050,217,매수로직 매수 - (매수가) 우선순위 : 1,-
20170329,넥스트칩(A092600),매수,11850,441.0,매수로직 매수 - (매수가) 우선순위 : 2,-
20170330,이화공영(A001840),매도,6740,798.0,날짜지나 매도 : 20170328 ~ 20170330 설정가격매도,8.88529886914378%
20170330,우리들제약(A004720),매도,28500,217.0,목표가매도,18.503118503118504%
20170331,태원물산(A001420),매수,8050,691,매수로직 매수 - (매수가) 우선순위 : 1,-
20170331,태원물산(A001420),매도,9285,691,당일목표가매도,15.341614906832298%
20170331,넥스트칩(A092600),매도,11550,441.0,날짜지나 매도 : 20170329 ~ 20170331 설정가격매도,-2.5316455696202533%
20170403,이화공영(A001840),매수,7860,742,매수로직 매수 - (매수가) 우선순위 : 1,-
20170404,인콘(A083640),매수,797,7434.0,매수로직 매수 - (매수가) 우선순위 : 1,-
20170404,인콘(A083640),매도,915,7434.0,당일목표가매도,14.805520702634881%
20170404,에이치엘비생명과학(A067630),매수,8102,732,매수로직 매수 - (매수가) 우선순위 : 2,-
20170404,이화공영(A001840),매도,9071,742.0,목표가매도,15.407124681933842%
20170405,모바일리더(A100030),매수,15450,412,매수로직 매수 - (매수가) 우선순위 : 1,-
20170405,솔트웍스(A230980),매수,5300,1212,매수로직 매수 - (매수가) 우선순위 : 2,-
20170405,솔트웍스(A230980),매도,6100,1212,당일목표가매도,15.09433962264151%
20170407,에이치엘비생명과학(A067630),매도,8234,732,날짜지나 매도 : 20170404 ~ 20170407 설정가격매도,1.629227351271291%
20170407,모바일리더(A100030),매도,16500,412,날짜지나 매도 : 20170405 ~ 20170407 설정가격매도,6.796116504854369%
20170410,디에스티로봇(A090710),매수,2480,2769,매수로직 매수 - (매수가) 우선순위 : 1,-
20170410,이에스브이(A223310),매수,3310,2075,매수로직 매수 - (매수가) 우선순위 : 2,-
20170410,미동앤씨네마(A161570),매수,9020,761.0,매수로직 매수 - (매수가) 우선순위 : 3,-
20170411,디에스티로봇(A090710),매도,2851,2769.0,목표가매도,14.959677419354838%
20170412,이에스브이(A223310),매도,2980,2075.0,날짜지나 매도 : 20170410 ~ 20170412 설정가격매도,-9.969788519637463%
20170412,미동앤씨네마(A161570),매도,9070,761,날짜지나 매도 : 20170410 ~ 20170412 설정가격매도,0.5543237250554324%
20170413,KT뮤직(A043610),매수,6700,1040.0,매수로직 매수 - (매수가) 우선순위 : 1,-
20170413,바이오로그디바이스(A208710),매수,3785,1841,매수로직 매수 - (매수가) 우선순위 : 2,-
20170413,제룡산업(A147830),매수,10300,676,매수로직 매수 - (매수가) 우선순위 : 3,-
20170414,제룡산업(A147830),매도,11850,676.0,목표가매도,15.048543689320388%
20170417,제룡산업(A147830),매수,11450,620,매수로직 매수 - (매수가) 우선순위 : 1,-
20170417,KT뮤직(A043610),매도,6640,1040,날짜지나 매도 : 20170413 ~ 20170417 설정가격매도,-0.8955223880597015%
20170417,바이오로그디바이스(A208710),매도,3580,1841.0,날짜지나 매도 : 20170413 ~ 20170417 설정가격매도,-5.416116248348745%
20170418,안랩(A053800),매수,105100,68,매수로직 매수 - (매수가) 우선순위 : 1,-
20170419,제룡산업(A147830),매도,11500,620,날짜지나 매도 : 20170417 ~ 20170419 설정가격매도,0.43668122270742354%
20170420,인콘(A083640),매수,1094,6514.0,매수로직 매수 - (매수가) 우선순위 : 1,-
20170420,코위버(A056360),매수,7540,946.0,매수로직 매수 - (매수가) 우선순위 : 2,-
20170420,안랩(A053800),매도,108200,68,날짜지나 매도 : 20170418 ~ 20170420 설정가격매도,2.949571836346337%
20170421,상아프론테크(A089980),매수,12650,564.0,매수로직 매수 - (매수가) 우선순위 : 1,-
20170424,인콘(A083640),매도,1175,97.0,날짜지나 매도 : 20170420 ~ 20170424 설정가격매도,7.40402193784278%
20170424,코위버(A056360),매도,7060,946,날짜지나 매도 : 20170420 ~ 20170424 설정가격매도,-6.36604774535809%
20170425,인콘(A083640),매도,995,6417.0,날짜지나 매도 : 20170420 ~ 20170425 설정가격매도,-9.049360146252285%
20170425,상아프론테크(A089980),매도,13091,564.0,날짜지나 매도 : 20170421 ~ 20170425 설정가격매도,3.4861660079051386%
20170426,화이브라더스(A204630),매수,5680,1217,매수로직 매수 - (매수가) 우선순위 : 2,-
20170427,아진엑스텍(A059120),매수,10053,684.0,매수로직 매수 - (매수가) 우선순위 : 1,-
20170427,아이리버(A060570),매수,5532,1239.0,매수로직 매수 - (매수가) 우선순위 : 2,-
20170428,화이브라더스(A204630),매도,5670,26.0,날짜지나 매도 : 20170426 ~ 20170428 설정가격매도,-0.17605633802816903%
20170502,화이브라더스(A204630),매도,5638,1191.0,날짜지나 매도 : 20170426 ~ 20170502 설정가격매도,-0.7394366197183099%
20170502,아진엑스텍(A059120),매도,10450,684,날짜지나 매도 : 20170427 ~ 20170502 설정가격매도,3.949069929374316%
20170502,아이리버(A060570),매도,6140,1239,날짜지나 매도 : 20170427 ~ 20170502 설정가격매도,10.99060014461316%
20170504,크린앤사이언스(A045520),매수,10100,713.0,매수로직 매수 - (매수가) 우선순위 : 1,-
20170508,에이스테크(A088800),매수,4565,1592,매수로직 매수 - (매수가) 우선순위 : 1,-
20170508,STX엔진(A077970),매수,13050,554,매수로직 매수 - (매수가) 우선순위 : 2,-
20170508,크린앤사이언스(A045520),매도,12100,713.0,목표가매도,19.801980198019802%
20170510,크린앤사이언스(A045520),매수,13050,589,매수로직 매수 - (매수가) 우선순위 : 1,-
20170510,STX엔진(A077970),매도,15050,554.0,목표가매도,15.32567049808429%
20170511,에이스테크(A088800),매도,4560,1592.0,날짜지나 매도 : 20170508 ~ 20170511 설정가격매도,-0.10952902519167579%
20170512,네오오토(A212560),매수,9650,844.0,매수로직 매수 - (매수가) 우선순위 : 1,-
20170512,혜인(A003010),매수,5330,1528,매수로직 매수 - (매수가) 우선순위 : 2,-
20170515,크린앤사이언스(A045520),매도,12500,589,날짜지나 매도 : 20170510 ~ 20170515 설정가격매도,-4.21455938697318%
20170516,네오오토(A212560),매도,9690,844,날짜지나 매도 : 20170512 ~ 20170516 설정가격매도,0.41450777202072536%
20170516,혜인(A003010),매도,5410,1528,날짜지나 매도 : 20170512 ~ 20170516 설정가격매도,1.5009380863039399%
20170517,STX엔진(A077970),매수,15700,503,매수로직 매수 - (매수가) 우선순위 : 1,-
20170517,한신기계(A011700),매수,4535,1748,매수로직 매수 - (매수가) 우선순위 : 3,-
20170518,태양금속(A004100),매수,2750,2895,매수로직 매수 - (매수가) 우선순위 : 1,-
20170519,STX엔진(A077970),매도,15400,503,날짜지나 매도 : 20170517 ~ 20170519 설정가격매도,-1.910828025477707%
20170519,한신기계(A011700),매도,4385,1748,날짜지나 매도 : 20170517 ~ 20170519 설정가격매도,-3.307607497243661%
20170522,대원전선(A006340),매수,1480,5191,매수로직 매수 - (매수가) 우선순위 : 1,-
20170522,한국종합기술(A023350),매수,12250,627,매수로직 매수 - (매수가) 우선순위 : 2,-
20170522,태양금속(A004100),매도,2650,2895.0,날짜지나 매도 : 20170518 ~ 20170522 설정가격매도,-3.6363636363636362%
20170523,이화공영(A001840),매수,7640,982.0,매수로직 매수 - (매수가) 우선순위 : 1,-
20170524,대원전선(A006340),매도,1445,5191,날짜지나 매도 : 20170522 ~ 20170524 설정가격매도,-2.364864864864865%
20170525,한국종합기술(A023350),매도,11300,78.0,날짜지나 매도 : 20170522 ~ 20170525 설정가격매도,-7.755102040816326%
20170525,이화공영(A001840),매도,6620,982,날짜지나 매도 : 20170523 ~ 20170525 설정가격매도,-13.350785340314136%
20170526,시큐브(A131090),매수,1357,5191.0,매수로직 매수 - (매수가) 우선순위 : 2,-
20170526,한국종합기술(A023350),매도,11200,549,날짜지나 매도 : 20170522 ~ 20170526 설정가격매도,-8.571428571428571%
20170529,미원홀딩스(A107590),매수,121500,58,매수로직 매수 - (매수가) 우선순위 : 1,-
20170529,시큐브(A131090),매도,1563,5191.0,목표가매도,15.18054532056006%
20170531,대동스틸(A048470),매수,5370,1343.0,매수로직 매수 - (매수가) 우선순위 : 1,-
20170531,SK증권(A001510),매수,1546,4594,매수로직 매수 - (매수가) 우선순위 : 2,-
20170531,미원홀딩스(A107590),매도,118500,58,날짜지나 매도 : 20170529 ~ 20170531 설정가격매도,-2.4691358024691357%
20170601,대덕GDS(A004130),매수,17650,401.0,매수로직 매수 - (매수가) 우선순위 : 1,-
20170602,대동스틸(A048470),매도,5730,1343.0,날짜지나 매도 : 20170531 ~ 20170602 설정가격매도,6.70391061452514%
20170602,SK증권(A001510),매도,1335,4594,날짜지나 매도 : 20170531 ~ 20170602 설정가격매도,-13.648124191461836%
20170605,엔에스엔(A031860),매수,7089,1024.0,매수로직 매수 - (매수가) 우선순위 : 1,-
20170605,대덕GDS(A004130),매도,18550,401,날짜지나 매도 : 20170601 ~ 20170605 설정가격매도,5.099150141643059%
20170607,대웅(A003090),매수,14850,493,매수로직 매수 - (매수가) 우선순위 : 1,-
20170607,고려제약(A014570),매수,8440,868.0,매수로직 매수 - (매수가) 우선순위 : 2,-
20170608,엔에스엔(A031860),매도,7740,1024,날짜지나 매도 : 20170605 ~ 20170608 설정가격매도,9.183241641980533%
20170609,메디프론(A065650),매수,5496,1340,매수로직 매수 - (매수가) 우선순위 : 1,-
20170609,대웅(A003090),매도,15250,493,날짜지나 매도 : 20170607 ~ 20170609 설정가격매도,2.6936026936026933%
20170609,고려제약(A014570),매도,8110,868,날짜지나 매도 : 20170607 ~ 20170609 설정가격매도,-3.909952606635071%
20170612,케이씨텍(A029460),매수,17874,421,매수로직 매수 - (매수가) 우선순위 : 1,-
20170613,넥센테크(A073070),매수,2160,3473.0,매수로직 매수 - (매수가) 우선순위 : 1,-
20170613,메디프론(A065650),매도,5690,1340.0,날짜지나 매도 : 20170609 ~ 20170613 설정가격매도,3.529839883551674%
20170613,케이씨텍(A029460),매도,20535,421.0,목표가매도,14.887546156428332%
20170614,투윈글로벌(A066410),매수,8064,984,매수로직 매수 - (매수가) 우선순위 : 2,-
20170615,넥센테크(A073070),매도,2170,3473,날짜지나 매도 : 20170613 ~ 20170615 설정가격매도,0.4629629629629629%
20170616,감마누(A192410),매수,5427,1415,매수로직 매수 - (매수가) 우선순위 : 2,-
20170616,투윈글로벌(A066410),매도,7496,984,날짜지나 매도 : 20170614 ~ 20170616 설정가격매도,-7.0436507936507935%
20170619,테고사이언스(A191420),매수,42750,182,매수로직 매수 - (매수가) 우선순위 : 2,-
20170620,감마누(A192410),매도,5877,1415,날짜지나 매도 : 20170616 ~ 20170620 설정가격매도,8.291873963515755%
20170621,한신기계(A011700),매수,4739,1685.0,매수로직 매수 - (매수가) 우선순위 : 1,-
20170621,에코바이오(A038870),매수,11750,680.0,매수로직 매수 - (매수가) 우선순위 : 2,-
20170621,테고사이언스(A191420),매도,45050,182,날짜지나 매도 : 20170619 ~ 20170621 설정가격매도,5.380116959064328%
20170622,감마누(A192410),매수,6465,1198,매수로직 매수 - (매수가) 우선순위 : 1,-
20170623,한신기계(A011700),매도,3985,1685,날짜지나 매도 : 20170621 ~ 20170623 설정가격매도,-15.91052964760498%
20170623,에코바이오(A038870),매도,11750,680.0,날짜지나 매도 : 20170621 ~ 20170623 설정가격매도,0.0%
20170626,감마누(A192410),매도,7052,1198,날짜지나 매도 : 20170622 ~ 20170626 설정가격매도,9.079659706109823%
20170627,타이거일렉(A219130),매수,8340,934.0,매수로직 매수 - (매수가) 우선순위 : 2,-
20170628,코스모화학(A005420),매수,10250,752,매수로직 매수 - (매수가) 우선순위 : 1,-
20170628,STX엔진(A077970),매수,18950,407.0,매수로직 매수 - (매수가) 우선순위 : 2,-
20170629,타이거일렉(A219130),매도,8320,934,날짜지나 매도 : 20170627 ~ 20170629 설정가격매도,-0.2398081534772182%
20170630,타이거일렉(A219130),매수,9140,866.0,매수로직 매수 - (매수가) 우선순위 : 1,-
20170630,코스모화학(A005420),매도,10300,752.0,날짜지나 매도 : 20170628 ~ 20170630 설정가격매도,0.4878048780487805%
20170630,STX엔진(A077970),매도,19900,213.0,날짜지나 매도 : 20170628 ~ 20170630 설정가격매도,5.013192612137203%
20170703,STX엔진(A077970),매도,19079,194.0,날짜지나 매도 : 20170628 ~ 20170703 설정가격매도,0.6807387862796834%
20170704,중앙오션(A054180),매수,2540,3107,매수로직 매수 - (매수가) 우선순위 : 1,-
20170704,타이거일렉(A219130),매도,9330,866,날짜지나 매도 : 20170630 ~ 20170704 설정가격매도,2.0787746170678334%
20170705,중앙오션(A054180),매도,2924,3107.0,목표가매도,15.118110236220472%
20170706,나노신소재(A121600),매수,17800,464.0,매수로직 매수 - (매수가) 우선순위 : 1,-
20170706,중앙오션(A054180),매수,2695,3069.0,매수로직 매수 - (매수가) 우선순위 : 2,-
20170710,일진머티리얼즈(A020150),매수,32431,259.0,매수로직 매수 - (매수가) 우선순위 : 1,-
20170710,나노신소재(A121600),매도,18150,464,날짜지나 매도 : 20170706 ~ 20170710 설정가격매도,1.9662921348314606%
20170711,중앙오션(A054180),매도,2600,3069,날짜지나 매도 : 20170706 ~ 20170711 설정가격매도,-3.525046382189239%
20170712,코스모화학(A005420),매수,12650,666,매수로직 매수 - (매수가) 우선순위 : 1,-
20170712,일진머티리얼즈(A020150),매도,35045,259.0,날짜지나 매도 : 20170710 ~ 20170712 설정가격매도,8.06018932502852%
20170714,일진다이아(A081000),매수,11500,683,매수로직 매수 - (매수가) 우선순위 : 1,-
20170714,코스모화학(A005420),매도,11450,666,날짜지나 매도 : 20170712 ~ 20170714 설정가격매도,-9.486166007905137%
20170717,엠젠플러스(A032790),매수,9950,798,매수로직 매수 - (매수가) 우선순위 : 1,-
20170718,일진다이아(A081000),매도,11200,683,날짜지나 매도 : 20170714 ~ 20170718 설정가격매도,-2.608695652173913%
20170719,코스모신소재(A005070),매수,8650,905,매수로직 매수 - (매수가) 우선순위 : 1,-
20170719,엠젠플러스(A032790),매도,9350,798,날짜지나 매도 : 20170717 ~ 20170719 설정가격매도,-6.030150753768844%
20170720,아이리버(A060570),매수,7900,1027,매수로직 매수 - (매수가) 우선순위 : 1,-
20170721,코스모신소재(A005070),매도,9131,905,날짜지나 매도 : 20170719 ~ 20170721 설정가격매도,5.5606936416184976%
20170725,코스모신소재(A005070),매수,10733,734.0,매수로직 매수 - (매수가) 우선순위 : 1,-
20170725,일진머티리얼즈(A020150),매수,39300,200,매수로직 매수 - (매수가) 우선순위 : 2,-
20170725,아이리버(A060570),매도,7450,1027,날짜지나 매도 : 20170720 ~ 20170725 설정가격매도,-5.69620253164557%
20170726,큐캐피탈(A016600),매수,1205,5296,매수로직 매수 - (매수가) 우선순위 : 1,-
20170727,코스모신소재(A005070),매도,11734,734,날짜지나 매도 : 20170725 ~ 20170727 설정가격매도,9.326376595546446%
20170727,일진머티리얼즈(A020150),매도,36750,200,날짜지나 매도 : 20170725 ~ 20170727 설정가격매도,-6.488549618320611%
20170728,파루(A043200),매수,5630,1356.0,매수로직 매수 - (매수가) 우선순위 : 1,-
20170728,큐캐피탈(A016600),매도,1025,5296.0,날짜지나 매도 : 20170726 ~ 20170728 설정가격매도,-14.937759336099585%
20170731,코나아이(A052400),매수,12600,605,매수로직 매수 - (매수가) 우선순위 : 1,-
20170731,파루(A043200),매도,6480,1356.0,목표가매도,15.097690941385435%
20170801,파루(A043200),매수,6350,1268,매수로직 매수 - (매수가) 우선순위 : 1,-
20170802,케이프(A064820),매수,3900,2075,매수로직 매수 - (매수가) 우선순위 : 1,-
20170802,코나아이(A052400),매도,12450,605,날짜지나 매도 : 20170731 ~ 20170802 설정가격매도,-1.1904761904761905%
20170802,파루(A043200),매도,5080,1268.0,손절가매도,-20.0%
20170803,비에이치(A090460),매수,21500,339.0,매수로직 매수 - (매수가) 우선순위 : 1,-
20170804,파루(A043200),매수,5900,1206,매수로직 매수 - (매수가) 우선순위 : 1,-
20170804,케이프(A064820),매도,3550,2075,날짜지나 매도 : 20170802 ~ 20170804 설정가격매도,-8.974358974358974%
20170807,코나아이(A052400),매수,13250,527,매수로직 매수 - (매수가) 우선순위 : 1,-
20170807,비에이치(A090460),매도,21450,339,날짜지나 매도 : 20170803 ~ 20170807 설정가격매도,-0.23255813953488372%
20170808,감마누(A192410),매수,7277,947,매수로직 매수 - (매수가) 우선순위 : 1,-
20170809,파루(A043200),매도,4975,1206,날짜지나 매도 : 20170804 ~ 20170809 설정가격매도,-15.677966101694915%
20170809,코나아이(A052400),매도,12800,527,날짜지나 매도 : 20170807 ~ 20170809 설정가격매도,-3.3962264150943398%
20170810,빅텍(A065450),매수,4695,1379,매수로직 매수 - (매수가) 우선순위 : 1,-
20170810,감마누(A192410),매도,6515,947.0,날짜지나 매도 : 20170808 ~ 20170810 설정가격매도,-10.471348083001237%
20170811,성창오토텍(A080470),매수,6450,1005,매수로직 매수 - (매수가) 우선순위 : 1,-
20170811,성창오토텍(A080470),매도,7415,1005,당일목표가매도,14.96124031007752%
20170811,드림시큐리티(A203650),매수,3865,1667,매수로직 매수 - (매수가) 우선순위 : 2,-
20170816,드림시큐리티(A203650),매도,4020,1667,날짜지나 매도 : 20170811 ~ 20170816 설정가격매도,4.010349288486417%
20170817,빅텍(A065450),매도,4195,1379,날짜지나 매도 : 20170810 ~ 20170817 설정가격매도,-10.649627263045794%
20170821,리켐(A131100),매수,26602,248,매수로직 매수 - (매수가) 우선순위 : 2,-
20170821,현대시멘트(A006390),매수,27600,239,매수로직 매수 - (매수가) 우선순위 : 3,-
20170822,한일단조(A024740),매수,3272,1974.0,매수로직 매수 - (매수가) 우선순위 : 1,-
20170823,리켐(A131100),매도,25732,248,날짜지나 매도 : 20170821 ~ 20170823 설정가격매도,-3.270430794677092%
20170823,현대시멘트(A006390),매도,25500,239.0,날짜지나 매도 : 20170821 ~ 20170823 설정가격매도,-7.608695652173914%
20170825,코스모신소재(A005070),매수,11534,540,매수로직 매수 - (매수가) 우선순위 : 1,-
20170825,한일단조(A024740),매도,3061,1974.0,날짜지나 매도 : 20170822 ~ 20170825 설정가격매도,-6.4486552567237165%
20170829,코스모신소재(A005070),매도,11374,540,날짜지나 매도 : 20170825 ~ 20170829 설정가격매도,-1.3872030518467142%
20170830,양지사(A030960),매수,11100,558.0,매수로직 매수 - (매수가) 우선순위 : 3,-
20170901,성문전자(A014910),매수,3045,2005.0,매수로직 매수 - (매수가) 우선순위 : 2,-
20170901,양지사(A030960),매도,10600,558,날짜지나 매도 : 20170830 ~ 20170901 설정가격매도,-4.504504504504505%
20170904,대동스틸(A048470),매수,6960,857,매수로직 매수 - (매수가) 우선순위 : 1,-
20170904,감마누(A192410),매수,9900,604,매수로직 매수 - (매수가) 우선순위 : 2,-
20170904,감마누(A192410),매도,11353,604,당일목표가매도,14.676767676767676%
20170905,성문전자(A014910),매도,2950,2005,날짜지나 매도 : 20170901 ~ 20170905 설정가격매도,-3.1198686371100166%
20170906,대동스틸(A048470),매도,6800,857,날짜지나 매도 : 20170904 ~ 20170906 설정가격매도,-2.2988505747126435%
20170907,일진디스플(A020760),매수,11650,537.0,매수로직 매수 - (매수가) 우선순위 : 2,-
20170907,리켐(A131100),매수,29212,213.0,매수로직 매수 - (매수가) 우선순위 : 3,-
20170911,우리기술투자(A041190),매수,1035,6080.0,매수로직 매수 - (매수가) 우선순위 : 1,-
20170911,일진디스플(A020760),매도,11350,537,날짜지나 매도 : 20170907 ~ 20170911 설정가격매도,-2.575107296137339%
20170911,리켐(A131100),매도,30459,213.0,날짜지나 매도 : 20170907 ~ 20170911 설정가격매도,4.268793646446666%
20170913,일진다이아(A081000),매수,23700,267,매수로직 매수 - (매수가) 우선순위 : 2,-
20170913,우리기술투자(A041190),매도,1070,6080,날짜지나 매도 : 20170911 ~ 20170913 설정가격매도,3.3816425120772946%
20170914,삼화전기(A009470),매수,12000,533,매수로직 매수 - (매수가) 우선순위 : 2,-
20170914,일진다이아(A081000),매도,27329,267.0,목표가매도,15.31223628691983%
20170915,삼진(A032750),매수,15050,441,매수로직 매수 - (매수가) 우선순위 : 1,-
20170918,삼화전기(A009470),매도,11450,533,날짜지나 매도 : 20170914 ~ 20170918 설정가격매도,-4.583333333333333%
20170919,신성델타테크(A065350),매수,5020,1289,매수로직 매수 - (매수가) 우선순위 : 1,-
20170919,삼진(A032750),매도,15550,441,날짜지나 매도 : 20170915 ~ 20170919 설정가격매도,3.322259136212625%
20170920,에스맥(A097780),매수,1435,4594,매수로직 매수 - (매수가) 우선순위 : 1,-
20170920,EG(A037370),매수,10050,655,매수로직 매수 - (매수가) 우선순위 : 2,-
20170921,신성델타테크(A065350),매도,4690,1289,날짜지나 매도 : 20170919 ~ 20170921 설정가격매도,-6.573705179282868%
20170921,EG(A037370),매도,11600,655.0,목표가매도,15.422885572139302%
20170922,에이디테크놀로지(A200710),매수,11500,562,매수로직 매수 - (매수가) 우선순위 : 1,-
20170922,EG(A037370),매수,12550,507,매수로직 매수 - (매수가) 우선순위 : 2,-
20170922,에스맥(A097780),매도,1270,4594,날짜지나 매도 : 20170920 ~ 20170922 설정가격매도,-11.498257839721255%
20170925,우리기술투자(A041190),매수,2960,2265.0,매수로직 매수 - (매수가) 우선순위 : 1,-
20170926,에이디테크놀로지(A200710),매도,11850,562.0,날짜지나 매도 : 20170922 ~ 20170926 설정가격매도,3.0434782608695654%
20170926,우리기술투자(A041190),매도,2360,2265.0,손절가매도,-20.27027027027027%
20170927,국일제지(A078130),매수,599,10134,매수로직 매수 - (매수가) 우선순위 : 2,-
20170928,EG(A037370),매도,11300,507,날짜지나 매도 : 20170922 ~ 20170928 설정가격매도,-9.9601593625498%
20170929,에이티넘인베스트(A021080),매수,2765,2091,매수로직 매수 - (매수가) 우선순위 : 1,-
20170929,국일제지(A078130),매도,554,10134,날짜지나 매도 : 20170927 ~ 20170929 설정가격매도,-7.512520868113523%
20171010,알비케이이엠디(A106080),매수,3400,1645,매수로직 매수 - (매수가) 우선순위 : 1,-
20171011,에이티넘인베스트(A021080),매도,2430,2091,날짜지나 매도 : 20170929 ~ 20171011 설정가격매도,-12.115732368896925%
20171012,알비케이이엠디(A106080),매도,3500,1645,날짜지나 매도 : 20171010 ~ 20171012 설정가격매도,2.941176470588235%
20171013,지트리비앤티(A115450),매수,32400,172,매수로직 매수 - (매수가) 우선순위 : 2,-
20171013,드림시큐리티(A203650),매수,4175,1338.0,매수로직 매수 - (매수가) 우선순위 : 3,-
20171016,홈캐스트(A064240),매수,13800,411,매수로직 매수 - (매수가) 우선순위 : 1,-
20171017,지트리비앤티(A115450),매도,32300,172,날짜지나 매도 : 20171013 ~ 20171017 설정가격매도,-0.30864197530864196%
20171017,드림시큐리티(A203650),매도,4285,1338,날짜지나 매도 : 20171013 ~ 20171017 설정가격매도,2.6347305389221556%
20171018,홈캐스트(A064240),매도,14050,411,날짜지나 매도 : 20171016 ~ 20171018 설정가격매도,1.8115942028985508%
20171019,국일제지(A078130),매수,604,9138,매수로직 매수 - (매수가) 우선순위 : 1,-
20171020,소리바다(A053110),매수,2195,2574,매수로직 매수 - (매수가) 우선순위 : 1,-
20171023,로엔(A016170),매수,106200,53,매수로직 매수 - (매수가) 우선순위 : 1,-
20171023,국일제지(A078130),매도,595,9138,날짜지나 매도 : 20171019 ~ 20171023 설정가격매도,-1.490066225165563%
20171024,풍국주정(A023900),매수,10300,543,매수로직 매수 - (매수가) 우선순위 : 1,-
20171024,소리바다(A053110),매도,2250,2574,날짜지나 매도 : 20171020 ~ 20171024 설정가격매도,2.5056947608200453%
20171025,소리바다(A053110),매수,2417,2353.0,매수로직 매수 - (매수가) 우선순위 : 1,-
20171025,로엔(A016170),매도,105900,53,날짜지나 매도 : 20171023 ~ 20171025 설정가격매도,-0.2824858757062147%
20171026,에이치엘비생명과학(A067630),매수,8092,615,매수로직 매수 - (매수가) 우선순위 : 1,-
20171026,에이치엘비생명과학(A067630),매도,9315,615,당일목표가매도,15.113692535837863%
20171026,풍국주정(A023900),매도,10400,543,날짜지나 매도 : 20171024 ~ 20171026 설정가격매도,0.9708737864077669%
20171027,한국화장품제조(A003350),매수,41344,136.0,매수로직 매수 - (매수가) 우선순위 : 1,-
20171027,코오롱머티리얼(A144620),매수,2745,2058,매수로직 매수 - (매수가) 우선순위 : 2,-
20171027,소리바다(A053110),매도,2100,2353.0,날짜지나 매도 : 20171025 ~ 20171027 설정가격매도,-13.115432354158047%
20171030,풍국주정(A023900),매수,12650,447,매수로직 매수 - (매수가) 우선순위 : 1,-
20171031,한국화장품제조(A003350),매도,41850,136,날짜지나 매도 : 20171027 ~ 20171031 설정가격매도,1.2238777089783281%
20171031,코오롱머티리얼(A144620),매도,2670,2058,날짜지나 매도 : 20171027 ~ 20171031 설정가격매도,-2.73224043715847%
20171101,풍국주정(A023900),매도,14050,447,날짜지나 매도 : 20171030 ~ 20171101 설정가격매도,11.067193675889328%
20171102,엠지메드(A180400),매수,9490,610,매수로직 매수 - (매수가) 우선순위 : 2,-
20171102,우리기술투자(A041190),매수,1950,2976.0,매수로직 매수 - (매수가) 우선순위 : 3,-
20171103,코오롱머티리얼(A144620),매수,2960,1969,매수로직 매수 - (매수가) 우선순위 : 1,-
20171107,엠지메드(A180400),매도,9224,610,날짜지나 매도 : 20171102 ~ 20171107 설정가격매도,-2.802950474183351%
20171107,우리기술투자(A041190),매도,1830,2976.0,날짜지나 매도 : 20171102 ~ 20171107 설정가격매도,-6.153846153846154%
20171107,코오롱머티리얼(A144620),매도,2710,1969,날짜지나 매도 : 20171103 ~ 20171107 설정가격매도,-8.445945945945946%
20171108,셀루메드(A049180),매수,9050,602,매수로직 매수 - (매수가) 우선순위 : 2,-
20171109,CMG제약(A058820),매수,5620,968,매수로직 매수 - (매수가) 우선순위 : 2,-
20171109,셀루메드(A049180),매도,10402,602.0,목표가매도,14.939226519337018%
20171110,홈캐스트(A064240),매수,16050,359.0,매수로직 매수 - (매수가) 우선순위 : 1,-
20171113,아세아시멘트(A183190),매수,112564,20.0,매수로직 매수 - (매수가) 우선순위 : 1,-
20171113,CMG제약(A058820),매도,5440,968,날짜지나 매도 : 20171109 ~ 20171113 설정가격매도,-3.202846975088968%
20171114,키이스트(A054780),매수,2470,2303,매수로직 매수 - (매수가) 우선순위 : 1,-
20171114,홈캐스트(A064240),매도,16350,359,날짜지나 매도 : 20171110 ~ 20171114 설정가격매도,1.8691588785046727%
20171116,아세아시멘트(A183190),매도,105683,20,날짜지나 매도 : 20171113 ~ 20171116 설정가격매도,-6.112966845527878%
20171116,키이스트(A054780),매도,2455,2303,날짜지나 매도 : 20171114 ~ 20171116 설정가격매도,-0.6072874493927125%
20171117,풍국주정(A023900),매수,16700,336.0,매수로직 매수 - (매수가) 우선순위 : 2,-
20171117,삼화콘덴서(A001820),매수,37850,148,매수로직 매수 - (매수가) 우선순위 : 3,-
20171121,삼화전기(A009470),매수,13600,403.0,매수로직 매수 - (매수가) 우선순위 : 1,-
20171121,풍국주정(A023900),매도,16150,336,날짜지나 매도 : 20171117 ~ 20171121 설정가격매도,-3.293413173652695%
20171121,삼화콘덴서(A001820),매도,37200,148,날짜지나 매도 : 20171117 ~ 20171121 설정가격매도,-1.7173051519154559%
20171122,유니크(A011320),매수,7270,751,매수로직 매수 - (매수가) 우선순위 : 1,-
20171123,삼화전기(A009470),매도,13900,403,날짜지나 매도 : 20171121 ~ 20171123 설정가격매도,2.2058823529411766%
20171124,휴온스(A243070),매수,58783,93.0,매수로직 매수 - (매수가) 우선순위 : 2,-
20171124,유니크(A011320),매도,7100,751,날짜지나 매도 : 20171122 ~ 20171124 설정가격매도,-2.3383768913342506%
20171127,프로스테믹스(A203690),매수,6820,804,매수로직 매수 - (매수가) 우선순위 : 1,-
20171127,원익QnC(A074600),매수,17300,318,매수로직 매수 - (매수가) 우선순위 : 2,-
20171128,휴온스(A243070),매도,62922,93,날짜지나 매도 : 20171124 ~ 20171128 설정가격매도,7.0411513532824115%
20171128,프로스테믹스(A203690),매도,7910,804.0,목표가매도,15.982404692082111%
20171129,프로스테믹스(A203690),매수,8840,638,매수로직 매수 - (매수가) 우선순위 : 1,-
20171129,CMG제약(A058820),매수,8670,668,매수로직 매수 - (매수가) 우선순위 : 2,-
20171129,원익QnC(A074600),매도,16400,318,날짜지나 매도 : 20171127 ~ 20171129 설정가격매도,-5.202312138728324%
20171130,SKC코오롱PI(A178920),매수,51400,111.0,매수로직 매수 - (매수가) 우선순위 : 1,-
20171201,프로스테믹스(A203690),매도,8520,638,날짜지나 매도 : 20171129 ~ 20171201 설정가격매도,-3.619909502262444%
20171201,CMG제약(A058820),매도,7870,668,날짜지나 매도 : 20171129 ~ 20171201 설정가격매도,-9.22722029988466%
20171204,안트로젠(A065660),매수,34938,159.0,매수로직 매수 - (매수가) 우선순위 : 2,-
20171205,SKC코오롱PI(A178920),매도,50400,111,날짜지나 매도 : 20171130 ~ 20171205 설정가격매도,-1.9455252918287937%
20171206,우리들제약(A004720),매수,12900,436,매수로직 매수 - (매수가) 우선순위 : 1,-
20171206,안트로젠(A065660),매도,37500,159,날짜지나 매도 : 20171204 ~ 20171206 설정가격매도,7.332989867765756%
20171207,제이씨현시스템(A033320),매수,10950,501,매수로직 매수 - (매수가) 우선순위 : 1,-
20171207,SCI평가정보(A036120),매수,5079,1080.0,매수로직 매수 - (매수가) 우선순위 : 2,-
20171207,우리들제약(A004720),매도,10332,436.0,손절가매도,-19.906976744186046%
20171208,제이씨현시스템(A033320),매도,12558,501.0,목표가매도,14.684931506849317%
20171208,SCI평가정보(A036120),매도,5829,1080.0,목표가매도,14.766686355581808%
20171211,시큐브(A131090),매수,1469,3712,매수로직 매수 - (매수가) 우선순위 : 1,-
20171211,한국화장품제조(A003350),매수,57400,100,매수로직 매수 - (매수가) 우선순위 : 2,-
20171213,우리들제약(A004720),매수,11250,508,매수로직 매수 - (매수가) 우선순위 : 1,-
20171213,시큐브(A131090),매도,1648,3712,날짜지나 매도 : 20171211 ~ 20171213 설정가격매도,12.185159972770593%
20171213,한국화장품제조(A003350),매도,52100,100,날짜지나 매도 : 20171211 ~ 20171213 설정가격매도,-9.233449477351916%
20171214,율촌화학(A008730),매수,22450,258,매수로직 매수 - (매수가) 우선순위 : 1,-
20171215,우리들제약(A004720),매도,11350,508,날짜지나 매도 : 20171213 ~ 20171215 설정가격매도,0.8888888888888888%
20171218,엘티씨(A170920),매수,13800,413,매수로직 매수 - (매수가) 우선순위 : 2,-
20171218,율촌화학(A008730),매도,21400,258,날짜지나 매도 : 20171214 ~ 20171218 설정가격매도,-4.67706013363029%
20171219,한일네트웍스(A046110),매수,8210,700,매수로직 매수 - (매수가) 우선순위 : 1,-
20171219,우리기술투자(A041190),매수,3150,1796,매수로직 매수 - (매수가) 우선순위 : 2,-
20171219,우리기술투자(A041190),매도,3620,1796,당일목표가매도,14.920634920634921%
20171220,비덴트(A121800),매수,25633,224,매수로직 매수 - (매수가) 우선순위 : 1,-
20171220,엘티씨(A170920),매도,13250,413,날짜지나 매도 : 20171218 ~ 20171220 설정가격매도,-3.985507246376811%
20171221,에이티넘인베스트(A021080),매수,3135,1736,매수로직 매수 - (매수가) 우선순위 : 1,-
20171221,한일네트웍스(A046110),매도,7102,700.0,날짜지나 매도 : 20171219 ~ 20171221 설정가격매도,-13.495736906211937%
20171221,비덴트(A121800),매도,20533,224.0,손절가매도,-19.896227519213515%
20171222,버추얼텍(A036620),매수,1457,3436,매수로직 매수 - (매수가) 우선순위 : 1,-
20171222,한컴시큐어(A054920),매수,3880,1293,매수로직 매수 - (매수가) 우선순위 : 2,-
20171222,에이티넘인베스트(A021080),매도,2505,1736.0,손절가매도,-20.095693779904305%
20171227,버추얼텍(A036620),매도,1329,3436,날짜지나 매도 : 20171222 ~ 20171227 설정가격매도,-8.785175017158545%
20171227,한컴시큐어(A054920),매도,3480,1293.0,날짜지나 매도 : 20171222 ~ 20171227 설정가격매도,-10.309278350515463%
20171228,위지트(A036090),매수,1865,2460.0,매수로직 매수 - (매수가) 우선순위 : 1,-
20171228,비덴트(A121800),매수,23588,194,매수로직 매수 - (매수가) 우선순위 : 2,-
20171228,우리기술투자(A041190),매수,3870,1185,매수로직 매수 - (매수가) 우선순위 : 3,-
20180102,비덴트(A121800),매도,27133,194.0,목표가매도,15.028828217737832%
20180103,위지트(A036090),매도,1775,2460,날짜지나 매도 : 20171228 ~ 20180103 설정가격매도,-4.825737265415549%
20180103,우리기술투자(A041190),매도,4720,1185,날짜지나 매도 : 20171228 ~ 20180103 설정가격매도,21.963824289405682%
20180105,제이씨현시스템(A033320),매수,10650,474.0,매수로직 매수 - (매수가) 우선순위 : 2,-
20180105,에이티넘인베스트(A021080),매수,4510,1120,매수로직 매수 - (매수가) 우선순위 : 3,-
20180108,제이씨현시스템(A033320),매도,12200,474.0,목표가매도,14.553990610328638%
20180108,에이티넘인베스트(A021080),매도,5190,1120.0,목표가매도,15.077605321507761%
20180109,에이티넘인베스트(A021080),매수,4860,1123,매수로직 매수 - (매수가) 우선순위 : 1,-
20180109,에이티넘인베스트(A021080),매도,5588,1123,당일목표가매도,14.979423868312757%
20180109,셀트리온(A068270),매수,288236,19,매수로직 매수 - (매수가) 우선순위 : 2,-
20180109,버추얼텍(A036620),매수,2412,2289.0,매수로직 매수 - (매수가) 우선순위 : 3,-
20180110,버추얼텍(A036620),매도,2777,2289.0,목표가매도,15.132669983416253%
20180111,우리기술투자(A041190),매수,7900,658,매수로직 매수 - (매수가) 우선순위 : 1,-
20180111,셀트리온(A068270),매도,293344,19,날짜지나 매도 : 20180109 ~ 20180111 설정가격매도,1.772158925325081%
20180112,나노신소재(A121600),매수,20050,289,매수로직 매수 - (매수가) 우선순위 : 1,-
20180112,우리기술투자(A041190),매도,6320,658.0,손절가매도,-20.0%
20180115,셀트리온(A068270),매수,325469,17,매수로직 매수 - (매수가) 우선순위 : 1,-
20180116,나노신소재(A121600),매도,20400,289,날짜지나 매도 : 20180112 ~ 20180116 설정가격매도,1.7456359102244388%
20180117,삼지전자(A037460),매수,14850,394,매수로직 매수 - (매수가) 우선순위 : 2,-
20180117,셀트리온(A068270),매도,341285,17,날짜지나 매도 : 20180115 ~ 20180117 설정가격매도,4.859448979779948%
20180119,에이티넘인베스트(A021080),매수,3645,1579,매수로직 매수 - (매수가) 우선순위 : 1,-
20180119,에이티넘인베스트(A021080),매도,4188,1579,당일목표가매도,14.897119341563785%
20180119,이니텍(A053350),매수,10000,582,매수로직 매수 - (매수가) 우선순위 : 2,-
20180119,삼지전자(A037460),매도,15000,394,날짜지나 매도 : 20180117 ~ 20180119 설정가격매도,1.0101010101010102%
20180122,큐캐피탈(A016600),매수,1300,4731,매수로직 매수 - (매수가) 우선순위 : 2,-
20180123,아비코전자(A036010),매수,11650,535.0,매수로직 매수 - (매수가) 우선순위 : 1,-
20180123,이니텍(A053350),매도,10650,582,날짜지나 매도 : 20180119 ~ 20180123 설정가격매도,6.5%
20180124,텍셀네트컴(A038540),매수,20548,306.0,매수로직 매수 - (매수가) 우선순위 : 1,-
20180124,큐캐피탈(A016600),매도,1365,4731,날짜지나 매도 : 20180122 ~ 20180124 설정가격매도,5.0%
20180125,피앤이솔루션(A131390),매수,12100,529,매수로직 매수 - (매수가) 우선순위 : 1,-
20180125,아비코전자(A036010),매도,11550,535,날짜지나 매도 : 20180123 ~ 20180125 설정가격매도,-0.8583690987124464%
20180126,유니크(A011320),매수,8540,761.0,매수로직 매수 - (매수가) 우선순위 : 1,-
20180126,텍셀네트컴(A038540),매도,22800,306,날짜지나 매도 : 20180124 ~ 20180126 설정가격매도,10.959704107455712%
20180129,피앤이솔루션(A131390),매도,12050,529,날짜지나 매도 : 20180125 ~ 20180129 설정가격매도,-0.4132231404958678%
20180130,신라섬유(A001000),매수,3545,1823,매수로직 매수 - (매수가) 우선순위 : 2,-
20180130,유니크(A011320),매도,8320,761,날짜지나 매도 : 20180126 ~ 20180130 설정가격매도,-2.576112412177986%
20180131,위지트(A036090),매수,2590,2501,매수로직 매수 - (매수가) 우선순위 : 1,-
20180131,디에이치피코리아(A131030),매수,13300,487,매수로직 매수 - (매수가) 우선순위 : 2,-
20180131,신라섬유(A001000),매도,4079,1823.0,목표가매도,15.063469675599436%
20180201,원익큐브(A014190),매수,2835,2335,매수로직 매수 - (매수가) 우선순위 : 1,-
20180202,디에이치피코리아(A131030),매도,13050,487,날짜지나 매도 : 20180131 ~ 20180202 설정가격매도,-1.8796992481203008%
20180205,에스티아이(A039440),매수,29900,215,매수로직 매수 - (매수가) 우선순위 : 1,-
20180205,위지트(A036090),매도,2225,2501.0,날짜지나 매도 : 20180131 ~ 20180205 설정가격매도,-14.092664092664092%
20180206,SGA솔루션즈(A184230),매수,3508,1786.0,매수로직 매수 - (매수가) 우선순위 : 1,-
20180206,SGA솔루션즈(A184230),매도,4035,1786.0,당일목표가매도,15.022805017103764%
20180207,KTB투자증권(A030210),매수,6310,1052,매수로직 매수 - (매수가) 우선순위 : 1,-
20180207,원익큐브(A014190),매도,2695,2335,날짜지나 매도 : 20180201 ~ 20180207 설정가격매도,-4.938271604938271%
20180207,에스티아이(A039440),매도,31100,215,날짜지나 매도 : 20180205 ~ 20180207 설정가격매도,4.013377926421405%
20180208,가비아(A079940),매수,7830,833,매수로직 매수 - (매수가) 우선순위 : 1,-
20180208,넥센테크(A073070),매수,6210,1051.0,매수로직 매수 - (매수가) 우선순위 : 2,-
20180212,KTB투자증권(A030210),매도,5780,1052,날짜지나 매도 : 20180207 ~ 20180212 설정가격매도,-8.399366085578446%
20180212,가비아(A079940),매도,6970,833,날짜지나 매도 : 20180208 ~ 20180212 설정가격매도,-10.983397190293742%
20180212,넥센테크(A073070),매도,6250,1051,날짜지나 매도 : 20180208 ~ 20180212 설정가격매도,0.644122383252818%
20180213,디젠스(A113810),매수,2191,2851,매수로직 매수 - (매수가) 우선순위 : 2,-
20180213,보락(A002760),매수,1745,3586.0,매수로직 매수 - (매수가) 우선순위 : 3,-
20180214,닉스테크(A222810),매수,3885,1542,매수로직 매수 - (매수가) 우선순위 : 1,-
20180219,디젠스(A113810),매도,2065,2851,날짜지나 매도 : 20180213 ~ 20180219 설정가격매도,-5.7507987220447285%
20180219,보락(A002760),매도,1600,3586,날짜지나 매도 : 20180213 ~ 20180219 설정가격매도,-8.30945558739255%
20180220,하이비젼시스템(A126700),매수,17500,344.0,매수로직 매수 - (매수가) 우선순위 : 1,-
20180221,모헨즈(A006920),매수,8840,666,매수로직 매수 - (매수가) 우선순위 : 1,-
20180221,닉스테크(A222810),매도,3755,1542.0,날짜지나 매도 : 20180214 ~ 20180221 설정가격매도,-3.346203346203346%
20180222,원익큐브(A014190),매수,3235,1848,매수로직 매수 - (매수가) 우선순위 : 1,-
20180222,하이비젼시스템(A126700),매도,17700,344.0,날짜지나 매도 : 20180220 ~ 20180222 설정가격매도,1.1428571428571428%
20180223,케이씨피드(A025880),매수,3395,1769,매수로직 매수 - (매수가) 우선순위 : 1,-
20180223,모헨즈(A006920),매도,9270,666,날짜지나 매도 : 20180221 ~ 20180223 설정가격매도,4.864253393665159%
20180226,원익큐브(A014190),매도,3220,1848,날짜지나 매도 : 20180222 ~ 20180226 설정가격매도,-0.46367851622874806%
20180227,진바이오텍(A086060),매수,6360,936,매수로직 매수 - (매수가) 우선순위 : 1,-
20180227,케이씨피드(A025880),매도,3415,1769,날짜지나 매도 : 20180223 ~ 20180227 설정가격매도,0.5891016200294551%
20180228,에스에프씨(A112240),매수,5810,1041,매수로직 매수 - (매수가) 우선순위 : 2,-
20180228,에스에프씨(A112240),매도,4600,1041,당일손절가매도,-20.82616179001721%
20180302,네패스신소재(A087730),매수,22950,245,매수로직 매수 - (매수가) 우선순위 : 1,-
20180305,진바이오텍(A086060),매도,6192,936.0,날짜지나 매도 : 20180227 ~ 20180305 설정가격매도,-2.6415094339622645%
20180306,인디에프(A014990),매수,1915,2868.0,매수로직 매수 - (매수가) 우선순위 : 1,-
20180306,인디에프(A014990),매도,2205,2868.0,당일목표가매도,15.143603133159269%
20180306,좋은사람들(A033340),매수,3840,1426,매수로직 매수 - (매수가) 우선순위 : 2,-
20180306,네패스신소재(A087730),매도,23450,245,날짜지나 매도 : 20180302 ~ 20180306 설정가격매도,2.178649237472767%
20180307,넥스트BT(A065170),매수,2590,2165.0,매수로직 매수 - (매수가) 우선순위 : 1,-
20180307,필룩스(A033180),매수,10200,544,매수로직 매수 - (매수가) 우선순위 : 2,-
20180308,좋은사람들(A033340),매도,3830,1426,날짜지나 매도 : 20180306 ~ 20180308 설정가격매도,-0.26041666666666663%
20180309,SIMPAC Metal(A090730),매수,14650,405,매수로직 매수 - (매수가) 우선순위 : 1,-
20180309,넥스트BT(A065170),매도,2620,2165,날짜지나 매도 : 20180307 ~ 20180309 설정가격매도,1.1583011583011582%
20180309,필룩스(A033180),매도,12950,544,날짜지나 매도 : 20180307 ~ 20180309 설정가격매도,26.96078431372549%
20180312,오리엔트정공(A065500),매수,1197,5406,매수로직 매수 - (매수가) 우선순위 : 1,-
20180312,필룩스(A033180),매수,12950,501,매수로직 매수 - (매수가) 우선순위 : 2,-
20180312,SIMPAC Metal(A090730),매도,16788,405.0,목표가매도,14.593856655290102%
20180313,닉스테크(A222810),매수,5807,1140.0,매수로직 매수 - (매수가) 우선순위 : 1,-
20180313,닉스테크(A222810),매도,6674,1140.0,당일목표가매도,14.930256586877904%
20180314,디케이락(A105740),매수,7120,982,매수로직 매수 - (매수가) 우선순위 : 1,-
20180314,오리엔트정공(A065500),매도,1223,5406,날짜지나 매도 : 20180312 ~ 20180314 설정가격매도,2.172096908939014%
20180314,필룩스(A033180),매도,13450,501.0,날짜지나 매도 : 20180312 ~ 20180314 설정가격매도,3.861003861003861%
20180315,오리엔트정공(A065500),매수,1313,5313,매수로직 매수 - (매수가) 우선순위 : 1,-
20180315,KPX생명과학(A114450),매수,6680,1045,매수로직 매수 - (매수가) 우선순위 : 2,-
20180316,디케이락(A105740),매도,6780,982.0,날짜지나 매도 : 20180314 ~ 20180316 설정가격매도,-4.775280898876404%
20180316,KPX생명과학(A114450),매도,7690,1045.0,목표가매도,15.119760479041917%
20180319,국동(A005320),매수,4680,1552.0,매수로직 매수 - (매수가) 우선순위 : 2,-
20180319,오리엔트정공(A065500),매도,1344,5313.0,날짜지나 매도 : 20180315 ~ 20180319 설정가격매도,2.361005331302361%
20180320,남광토건(A001260),매수,13600,539,매수로직 매수 - (매수가) 우선순위 : 1,-
20180320,국동(A005320),매도,5390,1552.0,목표가매도,15.17094017094017%
20180321,남광토건(A001260),매도,17000,539.0,목표가매도,25.0%
20180322,선데이토즈(A123420),매수,40000,204,매수로직 매수 - (매수가) 우선순위 : 2,-
20180322,이지웰페어(A090850),매수,9020,909,매수로직 매수 - (매수가) 우선순위 : 3,-
20180323,남광토건(A001260),매수,19000,420,매수로직 매수 - (매수가) 우선순위 : 1,-
20180326,선데이토즈(A123420),매도,38050,204,날짜지나 매도 : 20180322 ~ 20180326 설정가격매도,-4.875%
20180326,이지웰페어(A090850),매도,8600,909,날짜지나 매도 : 20180322 ~ 20180326 설정가격매도,-4.656319290465632%
20180327,피앤이솔루션(A131390),매수,15600,513,매수로직 매수 - (매수가) 우선순위 : 1,-
20180327,남광토건(A001260),매도,19950,420,날짜지나 매도 : 20180323 ~ 20180327 설정가격매도,5.0%
20180328,동양네트웍스(A030790),매수,3190,2549,매수로직 매수 - (매수가) 우선순위 : 1,-
20180328,텔레칩스(A054450),매수,12900,630,매수로직 매수 - (매수가) 우선순위 : 2,-
20180329,피앤이솔루션(A131390),매도,16200,513.0,날짜지나 매도 : 20180327 ~ 20180329 설정가격매도,3.8461538461538463%
20180330,동양네트웍스(A030790),매도,3450,2549,날짜지나 매도 : 20180328 ~ 20180330 설정가격매도,8.150470219435736%
20180330,텔레칩스(A054450),매도,13200,630,날짜지나 매도 : 20180328 ~ 20180330 설정가격매도,2.3255813953488373%
20180402,라이트론(A069540),매수,8680,967.0,매수로직 매수 - (매수가) 우선순위 : 2,-
20180402,라이트론(A069540),매도,9986,967.0,당일목표가매도,15.046082949308756%
20180402,빛샘전자(A072950),매수,7760,1082,매수로직 매수 - (매수가) 우선순위 : 3,-
20180403,라이트론(A069540),매수,9700,903,매수로직 매수 - (매수가) 우선순위 : 1,-
20180403,넥스트BT(A065170),매수,3900,2217,매수로직 매수 - (매수가) 우선순위 : 2,-
20180404,빛샘전자(A072950),매도,7790,1082,날짜지나 매도 : 20180402 ~ 20180404 설정가격매도,0.3865979381443299%
20180405,넥스트BT(A065170),매도,3840,2217,날짜지나 매도 : 20180403 ~ 20180405 설정가격매도,-1.5384615384615385%
20180406,인터불스(A158310),매수,12750,672.0,매수로직 매수 - (매수가) 우선순위 : 1,-
20180406,KGP(A109070),매수,11500,736,매수로직 매수 - (매수가) 우선순위 : 2,-
20180406,KGP(A109070),매도,13300,736,당일목표가매도,15.65217391304348%
20180410,라이트론(A069540),매도,7750,903.0,손절가매도,-20.103092783505154%
20180410,인터불스(A158310),매도,12150,672.0,날짜지나 매도 : 20180406 ~ 20180410 설정가격매도,-4.705882352941177%
20180411,우정바이오(A215380),매수,4475,1888,매수로직 매수 - (매수가) 우선순위 : 1,-
20180412,프로스테믹스(A203690),매수,13600,610,매수로직 매수 - (매수가) 우선순위 : 1,-
20180412,디티앤씨(A187220),매수,14750,577,매수로직 매수 - (매수가) 우선순위 : 2,-
20180413,우정바이오(A215380),매도,4450,1888,날짜지나 매도 : 20180411 ~ 20180413 설정가격매도,-0.5586592178770949%
20180416,프로스테믹스(A203690),매도,15450,610,날짜지나 매도 : 20180412 ~ 20180416 설정가격매도,13.602941176470587%
20180416,디티앤씨(A187220),매도,14150,577,날짜지나 매도 : 20180412 ~ 20180416 설정가격매도,-4.067796610169491%
20180418,텔루스(A196450),매수,1610,5380,매수로직 매수 - (매수가) 우선순위 : 2,-
20180418,텔루스(A196450),매도,1855,5380,당일목표가매도,15.217391304347828%
20180419,나이벡(A138610),매수,20900,434,매수로직 매수 - (매수가) 우선순위 : 3,-
20180420,우원개발(A046940),매수,7020,1219.0,매수로직 매수 - (매수가) 우선순위 : 1,-
20180420,남화토건(A091590),매수,17700,483.0,매수로직 매수 - (매수가) 우선순위 : 2,-
20180420,남화토건(A091590),매도,20400,483.0,당일목표가매도,15.254237288135593%
20180420,나이벡(A138610),매도,16550,434.0,손절가매도,-20.813397129186605%
20180423,에이치엘비생명과학(A067630),매수,19191,468,매수로직 매수 - (매수가) 우선순위 : 2,-
20180423,우원개발(A046940),매도,8069,1219.0,목표가매도,14.94301994301994%
20180424,동신건설(A025950),매수,13250,717,매수로직 매수 - (매수가) 우선순위 : 1,-
20180424,삼화콘덴서(A001820),매수,67400,141,매수로직 매수 - (매수가) 우선순위 : 2,-
20180425,에이치엘비생명과학(A067630),매도,20089,468,날짜지나 매도 : 20180423 ~ 20180425 설정가격매도,4.679276744307227%
20180426,동신건설(A025950),매도,11650,717.0,날짜지나 매도 : 20180424 ~ 20180426 설정가격매도,-12.075471698113208%
20180426,삼화콘덴서(A001820),매도,61000,141,날짜지나 매도 : 20180424 ~ 20180426 설정가격매도,-9.495548961424333%
20180427,테라젠이텍스(A066700),매수,21150,412,매수로직 매수 - (매수가) 우선순위 : 1,-
20180427,포스코엠텍(A009520),매수,5820,1498,매수로직 매수 - (매수가) 우선순위 : 2,-
20180427,일신석재(A007110),매수,2740,3182,매수로직 매수 - (매수가) 우선순위 : 3,-
20180430,일신석재(A007110),매도,3121,3182.0,목표가매도,13.905109489051096%
20180502,테라젠이텍스(A066700),매도,19100,412.0,날짜지나 매도 : 20180427 ~ 20180502 설정가격매도,-9.692671394799055%
20180502,포스코엠텍(A009520),매도,6180,1498,날짜지나 매도 : 20180427 ~ 20180502 설정가격매도,6.185567010309279%
20180503,옴니시스템(A057540),매수,3205,2804,매수로직 매수 - (매수가) 우선순위 : 1,-
20180503,지엔씨에너지(A119850),매수,6470,1389.0,매수로직 매수 - (매수가) 우선순위 : 2,-
20180503,한농화성(A011500),매수,7050,1274,매수로직 매수 - (매수가) 우선순위 : 3,-
20180508,옴니시스템(A057540),매도,3280,2804,날짜지나 매도 : 20180503 ~ 20180508 설정가격매도,2.3400936037441498%
20180508,지엔씨에너지(A119850),매도,6770,1389,날짜지나 매도 : 20180503 ~ 20180508 설정가격매도,4.636785162287481%
20180509,남선알미늄(A008350),매수,1505,5759.0,매수로직 매수 - (매수가) 우선순위 : 1,-
20180509,콤텍시스템(A031820),매수,1720,5039,매수로직 매수 - (매수가) 우선순위 : 2,-
20180509,한농화성(A011500),매도,5631,1274.0,손절가매도,-20.127659574468083%
20180510,남화토건(A091590),매수,17600,465.0,매수로직 매수 - (매수가) 우선순위 : 1,-
20180511,남선알미늄(A008350),매도,1555,5759,날짜지나 매도 : 20180509 ~ 20180511 설정가격매도,3.322259136212625%
20180511,콤텍시스템(A031820),매도,1510,5039,날짜지나 매도 : 20180509 ~ 20180511 설정가격매도,-12.209302325581394%
20180514,조선선재(A120030),매수,136908,60.0,매수로직 매수 - (매수가) 우선순위 : 2,-
20180514,남화토건(A091590),매도,17550,465,날짜지나 매도 : 20180510 ~ 20180514 설정가격매도,-0.2840909090909091%
20180515,SG(A255220),매수,13750,599,매수로직 매수 - (매수가) 우선순위 : 1,-
20180515,디와이파워(A210540),매수,26200,314.0,매수로직 매수 - (매수가) 우선순위 : 2,-
20180516,조선선재(A120030),매도,109500,60,손절가매도,-20.019283022175475%
20180517,SG(A255220),매도,12750,599,날짜지나 매도 : 20180515 ~ 20180517 설정가격매도,-7.2727272727272725%
20180517,디와이파워(A210540),매도,25300,314,날짜지나 매도 : 20180515 ~ 20180517 설정가격매도,-3.435114503816794%
20180518,국영지앤엠(A006050),매수,1975,3766,매수로직 매수 - (매수가) 우선순위 : 1,-
20180518,백광소재(A014580),매수,3660,2032,매수로직 매수 - (매수가) 우선순위 : 3,-
20180521,에스모(A073070),매수,8560,878,매수로직 매수 - (매수가) 우선순위 : 1,-
20180521,에스모(A073070),매도,9850,878,당일목표가매도,15.070093457943926%
20180523,F&F(A007700),매수,58900,131,매수로직 매수 - (매수가) 우선순위 : 1,-
20180523,국영지앤엠(A006050),매도,1965,3766.0,날짜지나 매도 : 20180518 ~ 20180523 설정가격매도,-0.5063291139240507%
20180523,백광소재(A014580),매도,3570,2032,날짜지나 매도 : 20180518 ~ 20180523 설정가격매도,-2.459016393442623%
20180524,오르비텍(A046120),매수,9050,845,매수로직 매수 - (매수가) 우선순위 : 1,-
20180524,투윈글로벌(A066410),매수,7094,1003,매수로직 매수 - (매수가) 우선순위 : 2,-
20180525,F&F(A007700),매도,58500,131,날짜지나 매도 : 20180523 ~ 20180525 설정가격매도,-0.6791171477079796%
20180525,오르비텍(A046120),매도,7100,845.0,손절가매도,-21.54696132596685%
20180525,투윈글로벌(A066410),매도,8158,1003.0,목표가매도,14.998590358049055%
20180528,동양네트웍스(A030790),매수,5290,1414,매수로직 매수 - (매수가) 우선순위 : 1,-
20180528,에이치엘비생명과학(A067630),매수,20420,365,매수로직 매수 - (매수가) 우선순위 : 2,-
20180529,배럴(A267790),매수,22800,326,매수로직 매수 - (매수가) 우선순위 : 1,-
20180529,에이치엘비생명과학(A067630),매도,16308,365.0,손절가매도,-20.137120470127325%
20180531,동양네트웍스(A030790),매도,4805,1414,날짜지나 매도 : 20180528 ~ 20180531 설정가격매도,-9.168241965973536%
20180531,배럴(A267790),매도,23650,326,날짜지나 매도 : 20180529 ~ 20180531 설정가격매도,3.7280701754385963%
20180601,SG(A255220),매수,15650,436,매수로직 매수 - (매수가) 우선순위 : 1,-
20180601,삼목에스폼(A018310),매수,18450,370,매수로직 매수 - (매수가) 우선순위 : 2,-
20180601,네오위즈(A095660),매수,23300,293,매수로직 매수 - (매수가) 우선순위 : 3,-
20180604,SG(A255220),매도,18000,436.0,목표가매도,15.015974440894569%
20180605,백금T&A(A046310),매수,4320,1627.0,매수로직 매수 - (매수가) 우선순위 : 1,-
20180605,삼목에스폼(A018310),매도,18800,370,날짜지나 매도 : 20180601 ~ 20180605 설정가격매도,1.8970189701897018%
20180605,네오위즈(A095660),매도,21500,293.0,날짜지나 매도 : 20180601 ~ 20180605 설정가격매도,-7.725321888412018%
20180607,현대상사(A011760),매수,40650,167,매수로직 매수 - (매수가) 우선순위 : 1,-
20180607,현대상사(A011760),매도,46750,167,당일목표가매도,15.006150061500614%
20180607,웰크론(A065950),매수,5480,1247.0,매수로직 매수 - (매수가) 우선순위 : 2,-
20180608,백금T&A(A046310),매도,3890,1627.0,날짜지나 매도 : 20180605 ~ 20180608 설정가격매도,-9.953703703703704%
20180611,SM Life Design(A063440),매수,4365,1613,매수로직 매수 - (매수가) 우선순위 : 1,-
20180611,제일제강(A023440),매수,1865,3775,매수로직 매수 - (매수가) 우선순위 : 2,-
20180611,제일제강(A023440),매도,2136,3775,당일목표가매도,14.53083109919571%
20180611,웰크론(A065950),매도,5340,1247,날짜지나 매도 : 20180607 ~ 20180611 설정가격매도,-2.5547445255474455%
20180612,현대상사(A011760),매수,48350,148,매수로직 매수 - (매수가) 우선순위 : 1,-
20180612,SM Life Design(A063440),매도,3486,1613.0,손절가매도,-20.13745704467354%
20180614,화성밸브(A039610),매수,11446,595,매수로직 매수 - (매수가) 우선순위 : 1,-
20180614,화성밸브(A039610),매도,13172,595,당일목표가매도,15.079503756770924%
20180614,디에이테크놀로지(A196490),매수,5137,1332,매수로직 매수 - (매수가) 우선순위 : 2,-
20180615,파버나인(A177830),매수,7140,957.0,매수로직 매수 - (매수가) 우선순위 : 1,-
20180615,현대상사(A011760),매도,40450,148,날짜지나 매도 : 20180612 ~ 20180615 설정가격매도,-16.339193381592555%
20180618,경농(A002100),매수,13050,535,매수로직 매수 - (매수가) 우선순위 : 1,-
20180618,경농(A002100),매도,15048,535,당일목표가매도,15.310344827586206%
20180618,파버나인(A177830),매도,8310,957.0,목표가매도,16.386554621848738%
20180619,동양에스텍(A060380),매수,4550,1645.0,매수로직 매수 - (매수가) 우선순위 : 1,-
20180619,삼현철강(A017480),매수,7150,1047.0,매수로직 매수 - (매수가) 우선순위 : 2,-
20180619,디에이테크놀로지(A196490),매도,5027,1332,날짜지나 매도 : 20180614 ~ 20180619 설정가격매도,-2.141327623126338%
20180620,동양에스텍(A060380),매도,5240,1645.0,목표가매도,15.164835164835164%
20180620,삼현철강(A017480),매도,8229,1047.0,목표가매도,15.090909090909092%
20180621,삼현철강(A017480),매수,7830,1047,매수로직 매수 - (매수가) 우선순위 : 1,-
20180621,동양에스텍(A060380),매수,5250,1562,매수로직 매수 - (매수가) 우선순위 : 3,-
20180622,테스나(A131970),매수,28850,275,매수로직 매수 - (매수가) 우선순위 : 1,-
20180625,삼현철강(A017480),매도,6261,1047.0,손절가매도,-20.038314176245212%
20180626,파버나인(A177830),매수,7460,951.0,매수로직 매수 - (매수가) 우선순위 : 1,-
20180626,동양에스텍(A060380),매도,4360,1562,날짜지나 매도 : 20180621 ~ 20180626 설정가격매도,-16.952380952380953%
20180627,테스나(A131970),매도,26450,275.0,날짜지나 매도 : 20180622 ~ 20180627 설정가격매도,-8.31889081455806%
20180628,삼영전자(A005680),매수,16500,412.0,매수로직 매수 - (매수가) 우선순위 : 1,-
20180628,파버나인(A177830),매도,7080,951,날짜지나 매도 : 20180626 ~ 20180628 설정가격매도,-5.093833780160858%
20180629,아이텍반도체(A119830),매수,20000,335,매수로직 매수 - (매수가) 우선순위 : 1,-
20180629,국영지앤엠(A006050),매수,2060,3310.0,매수로직 매수 - (매수가) 우선순위 : 2,-
20180702,삼영전자(A005680),매도,15700,412,날짜지나 매도 : 20180628 ~ 20180702 설정가격매도,-4.848484848484849%
20180703,아이텍반도체(A119830),매도,18900,335,날짜지나 매도 : 20180629 ~ 20180703 설정가격매도,-5.5%
20180703,국영지앤엠(A006050),매도,1885,3310,날짜지나 매도 : 20180629 ~ 20180703 설정가격매도,-8.495145631067961%
20180704,코세스(A089890),매수,5240,1223,매수로직 매수 - (매수가) 우선순위 : 1,-
20180704,삼본정밀전자(A111870),매수,4714,1359,매수로직 매수 - (매수가) 우선순위 : 2,-
20180704,현대시멘트(A006390),매수,59221,108.0,매수로직 매수 - (매수가) 우선순위 : 3,-
20180706,코세스(A089890),매도,5350,1223,날짜지나 매도 : 20180704 ~ 20180706 설정가격매도,2.099236641221374%
20180706,삼본정밀전자(A111870),매도,4933,1359,날짜지나 매도 : 20180704 ~ 20180706 설정가격매도,4.645736105218498%
20180706,현대시멘트(A006390),매도,61000,108.0,날짜지나 매도 : 20180704 ~ 20180706 설정가격매도,3.0040019587646274%
20180709,장원테크(A174880),매수,11850,556,매수로직 매수 - (매수가) 우선순위 : 2,-
20180710,동원수산(A030720),매수,12800,523,매수로직 매수 - (매수가) 우선순위 : 1,-
20180710,삼화전기(A009470),매수,48300,138.0,매수로직 매수 - (매수가) 우선순위 : 2,-
20180711,장원테크(A174880),매도,13050,556,날짜지나 매도 : 20180709 ~ 20180711 설정가격매도,10.126582278481013%
20180712,동원수산(A030720),매도,13100,523,날짜지나 매도 : 20180710 ~ 20180712 설정가격매도,2.34375%
20180713,아프리카TV(A067160),매수,53900,123.0,매수로직 매수 - (매수가) 우선순위 : 1,-
20180713,삼화전기(A009470),매도,44500,138.0,날짜지나 매도 : 20180710 ~ 20180713 설정가격매도,-7.867494824016563%
20180716,F&F(A007700),매수,78700,85.0,매수로직 매수 - (매수가) 우선순위 : 1,-
20180716,장원테크(A174880),매수,13750,486.0,매수로직 매수 - (매수가) 우선순위 : 2,-
20180718,아프리카TV(A067160),매도,52800,123,날짜지나 매도 : 20180713 ~ 20180718 설정가격매도,-2.0408163265306123%
20180718,F&F(A007700),매도,79900,85,날짜지나 매도 : 20180716 ~ 20180718 설정가격매도,1.5247776365946633%
20180718,장원테크(A174880),매도,13150,486,날짜지나 매도 : 20180716 ~ 20180718 설정가격매도,-4.363636363636364%
20180723,삼우엠스(A082660),매수,1365,4791.0,매수로직 매수 - (매수가) 우선순위 : 1,-
20180723,동성제약(A002210),매수,22350,292,매수로직 매수 - (매수가) 우선순위 : 2,-
20180724,디딤(A217620),매수,3370,2005,매수로직 매수 - (매수가) 우선순위 : 1,-
20180725,삼우엠스(A082660),매도,1472,4791.0,날짜지나 매도 : 20180723 ~ 20180725 설정가격매도,7.8388278388278385%
20180725,동성제약(A002210),매도,22050,292,날짜지나 매도 : 20180723 ~ 20180725 설정가격매도,-1.342281879194631%
20180725,디딤(A217620),매도,3874,2005.0,목표가매도,14.955489614243323%
20180726,장원테크(A174880),매수,12000,582,매수로직 매수 - (매수가) 우선순위 : 1,-
20180727,장원테크(A174880),매도,13800,582.0,목표가매도,15.0%
20180731,서희건설(A035890),매수,1700,4305,매수로직 매수 - (매수가) 우선순위 : 1,-
20180731,에이디테크놀로지(A200710),매수,12300,595,매수로직 매수 - (매수가) 우선순위 : 2,-
20180802,서희건설(A035890),매도,1655,4305,날짜지나 매도 : 20180731 ~ 20180802 설정가격매도,-2.6470588235294117%
20180802,에이디테크놀로지(A200710),매도,13200,595,날짜지나 매도 : 20180731 ~ 20180802 설정가격매도,7.317073170731707%
20180806,에스앤더블류(A103230),매수,13900,533.0,매수로직 매수 - (매수가) 우선순위 : 1,-
20180806,넥스트칩(A092600),매수,8810,841,매수로직 매수 - (매수가) 우선순위 : 2,-
20180806,웰바이오텍(A010600),매수,9204,804.0,매수로직 매수 - (매수가) 우선순위 : 3,-
20180808,에스앤더블류(A103230),매도,13950,533,날짜지나 매도 : 20180806 ~ 20180808 설정가격매도,0.3597122302158274%
20180808,넥스트칩(A092600),매도,8990,841,날짜지나 매도 : 20180806 ~ 20180808 설정가격매도,2.0431328036322363%
20180808,웰바이오텍(A010600),매도,9410,804,날짜지나 매도 : 20180806 ~ 20180808 설정가격매도,2.2381573229030853%
20180809,아남전자(A008700),매수,4270,1757,매수로직 매수 - (매수가) 우선순위 : 1,-
20180813,부산산업(A011390),매수,226000,32,매수로직 매수 - (매수가) 우선순위 : 1,-
20180813,푸른기술(A094940),매수,22700,323,매수로직 매수 - (매수가) 우선순위 : 2,-
20180813,아남전자(A008700),매도,4075,1757,날짜지나 매도 : 20180809 ~ 20180813 설정가격매도,-4.566744730679157%
20180814,엘비세미콘(A061970),매수,6150,1111.0,매수로직 매수 - (매수가) 우선순위 : 1,-
20180816,부산산업(A011390),매도,240000,32,날짜지나 매도 : 20180813 ~ 20180816 설정가격매도,6.1946902654867255%
20180816,푸른기술(A094940),매도,25150,323,날짜지나 매도 : 20180813 ~ 20180816 설정가격매도,10.79295154185022%
20180817,하이셈(A200470),매수,4530,1750.0,매수로직 매수 - (매수가) 우선순위 : 1,-
20180817,엘비세미콘(A061970),매도,6650,1111,날짜지나 매도 : 20180814 ~ 20180817 설정가격매도,8.130081300813007%
20180820,삼아알미늄(A006110),매수,5220,1528,매수로직 매수 - (매수가) 우선순위 : 1,-
20180820,피에스엠씨(A024850),매수,1200,6619,매수로직 매수 - (매수가) 우선순위 : 2,-
20180821,하이셈(A200470),매도,4490,1750,날짜지나 매도 : 20180817 ~ 20180821 설정가격매도,-0.8830022075055187%
20180821,피에스엠씨(A024850),매도,1400,6619.0,목표가매도,16.666666666666664%
20180822,삼아알미늄(A006110),매도,5310,1528.0,날짜지나 매도 : 20180820 ~ 20180822 설정가격매도,1.7241379310344827%
20180823,알에프세미(A096610),매수,6600,1268,매수로직 매수 - (매수가) 우선순위 : 1,-
20180823,피에스엠씨(A024850),매수,1680,4730,매수로직 매수 - (매수가) 우선순위 : 2,-
20180824,삼아알미늄(A006110),매수,5970,1359,매수로직 매수 - (매수가) 우선순위 : 1,-
20180827,알에프세미(A096610),매도,6610,1268,날짜지나 매도 : 20180823 ~ 20180827 설정가격매도,0.15151515151515152%
20180828,동성제약(A002210),매수,39100,203,매수로직 매수 - (매수가) 우선순위 : 1,-
20180828,피에스엠씨(A024850),매도,1470,4730,날짜지나 매도 : 20180823 ~ 20180828 설정가격매도,-12.5%
20180828,삼아알미늄(A006110),매도,6110,1359,날짜지나 매도 : 20180824 ~ 20180828 설정가격매도,2.3450586264656614%
20180829,피에스엠씨(A024850),매수,1525,5358.0,매수로직 매수 - (매수가) 우선순위 : 1,-
20180829,신신제약(A002800),매수,10450,781,매수로직 매수 - (매수가) 우선순위 : 2,-
20180830,동성제약(A002210),매도,37900,203,날짜지나 매도 : 20180828 ~ 20180830 설정가격매도,-3.0690537084398977%
20180831,화성밸브(A039610),매수,12121,647,매수로직 매수 - (매수가) 우선순위 : 1,-
20180831,피에스엠씨(A024850),매도,1500,5358,날짜지나 매도 : 20180829 ~ 20180831 설정가격매도,-1.639344262295082%
20180831,신신제약(A002800),매도,10800,781.0,날짜지나 매도 : 20180829 ~ 20180831 설정가격매도,3.349282296650718%
20180903,화성밸브(A039610),매도,13925,647.0,목표가매도,14.883260457057998%
20180904,화성밸브(A039610),매수,15799,531,매수로직 매수 - (매수가) 우선순위 : 1,-
20180904,대동스틸(A048470),매수,14850,565,매수로직 매수 - (매수가) 우선순위 : 3,-
20180905,엘비세미콘(A061970),매수,6260,1324,매수로직 매수 - (매수가) 우선순위 : 1,-
20180906,화성밸브(A039610),매도,16174,531,날짜지나 매도 : 20180904 ~ 20180906 설정가격매도,2.373567947338439%
20180906,대동스틸(A048470),매도,16500,565,날짜지나 매도 : 20180904 ~ 20180906 설정가격매도,11.11111111111111%
20180907,삼성출판사(A068290),매수,17900,491.0,매수로직 매수 - (매수가) 우선순위 : 1,-
20180907,제룡전기(A033100),매수,11900,739.0,매수로직 매수 - (매수가) 우선순위 : 2,-
20180907,엘비세미콘(A061970),매도,6370,1324,날짜지나 매도 : 20180905 ~ 20180907 설정가격매도,1.7571884984025559%
20180911,삼성출판사(A068290),매도,18050,491,날짜지나 매도 : 20180907 ~ 20180911 설정가격매도,0.8379888268156425%
20180911,제룡전기(A033100),매도,13000,739,날짜지나 매도 : 20180907 ~ 20180911 설정가격매도,9.243697478991598%
20180912,한국내화(A010040),매수,4600,1969.0,매수로직 매수 - (매수가) 우선순위 : 2,-
20180912,뉴프라이드(A900100),매수,4365,2075.0,매수로직 매수 - (매수가) 우선순위 : 3,-
20180913,디케이락(A105740),매수,12800,691,매수로직 매수 - (매수가) 우선순위 : 1,-
20180914,한국내화(A010040),매도,4750,1969,날짜지나 매도 : 20180912 ~ 20180914 설정가격매도,3.260869565217391%
20180914,뉴프라이드(A900100),매도,3850,2075.0,날짜지나 매도 : 20180912 ~ 20180914 설정가격매도,-11.798396334478808%
20180917,네패스신소재(A087730),매수,42621,202.0,매수로직 매수 - (매수가) 우선순위 : 2,-
20180917,디케이락(A105740),매도,12150,691,날짜지나 매도 : 20180913 ~ 20180917 설정가격매도,-5.078125%
20180918,샘표(A007540),매수,43950,196.0,매수로직 매수 - (매수가) 우선순위 : 1,-
20180918,아이디스(A143160),매수,22750,379,매수로직 매수 - (매수가) 우선순위 : 2,-
20180919,네패스신소재(A087730),매도,42271,202.0,날짜지나 매도 : 20180917 ~ 20180919 설정가격매도,-0.821191431453978%
20180919,아이디스(A143160),매도,26243,379.0,목표가매도,15.353846153846154%
20180920,대성미생물(A036480),매수,23600,371,매수로직 매수 - (매수가) 우선순위 : 1,-
20180920,샘표(A007540),매도,39800,196,날짜지나 매도 : 20180918 ~ 20180920 설정가격매도,-9.442548350398178%
20180921,경창산업(A024910),매수,2555,3430.0,매수로직 매수 - (매수가) 우선순위 : 1,-
20180921,대호피앤씨(A021040),매수,1475,5942.0,매수로직 매수 - (매수가) 우선순위 : 2,-
20180921,대성미생물(A036480),매도,27115,371.0,목표가매도,14.89406779661017%
20180928,삼아제약(A009300),매수,23450,394.0,매수로직 매수 - (매수가) 우선순위 : 1,-
20180928,경창산업(A024910),매도,2515,3430,날짜지나 매도 : 20180921 ~ 20180928 설정가격매도,-1.5655577299412915%
20180928,대호피앤씨(A021040),매도,1580,5942,날짜지나 매도 : 20180921 ~ 20180928 설정가격매도,7.118644067796611%
20181001,샘표(A007540),매수,46000,201,매수로직 매수 - (매수가) 우선순위 : 1,-
20181001,샘표(A007540),매도,52900,201,당일목표가매도,15.0%
20181002,삼아제약(A009300),매도,23800,394,날짜지나 매도 : 20180928 ~ 20181002 설정가격매도,1.4925373134328357%
20181004,에코마케팅(A230360),매수,14700,665,매수로직 매수 - (매수가) 우선순위 : 1,-
20181005,한국내화(A010040),매수,5820,1683,매수로직 매수 - (매수가) 우선순위 : 1,-
20181005,앤디포스(A238090),매수,12082,793,매수로직 매수 - (매수가) 우선순위 : 2,-
20181008,에코마케팅(A230360),매도,14300,665,날짜지나 매도 : 20181004 ~ 20181008 설정가격매도,-2.7210884353741496%
20181008,한국내화(A010040),매도,6700,1683.0,목표가매도,15.120274914089347%
20181008,앤디포스(A238090),매도,13906,793.0,목표가매도,15.096838271809304%
20181011,코엔텍(A029960),매수,7370,1440,매수로직 매수 - (매수가) 우선순위 : 1,-
20181011,두올산업(A078590),매수,6180,1632,매수로직 매수 - (매수가) 우선순위 : 2,-
20181011,한국유리(A002000),매수,80700,131,매수로직 매수 - (매수가) 우선순위 : 3,-
20181015,코엔텍(A029960),매도,6680,1440,날짜지나 매도 : 20181011 ~ 20181015 설정가격매도,-9.362279511533243%
20181015,한국유리(A002000),매도,77600,131.0,날짜지나 매도 : 20181011 ~ 20181015 설정가격매도,-3.841387856257745%
20181016,디피씨(A026890),매수,5960,1630,매수로직 매수 - (매수가) 우선순위 : 1,-
20181016,흥구석유(A024060),매수,3845,2527,매수로직 매수 - (매수가) 우선순위 : 2,-
20181016,두올산업(A078590),매도,5540,1632,날짜지나 매도 : 20181011 ~ 20181016 설정가격매도,-10.355987055016183%
20181018,디피씨(A026890),매도,5690,1630,날짜지나 매도 : 20181016 ~ 20181018 설정가격매도,-4.530201342281879%
20181019,아이즈비전(A031310),매수,6250,1531,매수로직 매수 - (매수가) 우선순위 : 1,-
20181019,두올산업(A078590),매수,5590,1712,매수로직 매수 - (매수가) 우선순위 : 2,-
20181019,흥구석유(A024060),매도,3775,2527.0,날짜지나 매도 : 20181016 ~ 20181019 설정가격매도,-1.8205461638491547%
20181023,데일리블록체인(A139050),매수,2965,3098,매수로직 매수 - (매수가) 우선순위 : 1,-
20181023,두올산업(A078590),매도,5070,1712,날짜지나 매도 : 20181019 ~ 20181023 설정가격매도,-9.30232558139535%
20181024,아이즈비전(A031310),매도,5850,1531,날짜지나 매도 : 20181019 ~ 20181024 설정가격매도,-6.4%
20181025,한창제지(A009460),매수,1550,5693,매수로직 매수 - (매수가) 우선순위 : 2,-
20181025,데일리블록체인(A139050),매도,2740,3098.0,날짜지나 매도 : 20181023 ~ 20181025 설정가격매도,-7.588532883642496%
20181026,한창제지(A009460),매도,1782,5693.0,목표가매도,14.967741935483872%
20181101,디피씨(A026890),매수,6520,1416,매수로직 매수 - (매수가) 우선순위 : 1,-
20181101,네이처셀(A007390),매수,14000,659,매수로직 매수 - (매수가) 우선순위 : 3,-
20181102,디피씨(A026890),매도,7500,1416.0,목표가매도,15.030674846625766%
20181105,화신테크(A086250),매수,6250,1548.0,매수로직 매수 - (매수가) 우선순위 : 1,-
20181105,네이처셀(A007390),매도,14000,659,날짜지나 매도 : 20181101 ~ 20181105 설정가격매도,0.0%
20181106,오스코텍(A039200),매수,31250,306,매수로직 매수 - (매수가) 우선순위 : 1,-
20181107,초록뱀(A047820),매수,1920,4818,매수로직 매수 - (매수가) 우선순위 : 1,-
20181107,화신테크(A086250),매도,6040,1548,날짜지나 매도 : 20181105 ~ 20181107 설정가격매도,-3.36%
20181108,오스코텍(A039200),매도,29400,306,날짜지나 매도 : 20181106 ~ 20181108 설정가격매도,-5.92%
20181108,초록뱀(A047820),매도,2210,4818.0,목표가매도,15.104166666666666%
20181114,유티아이(A179900),매수,6600,1485,매수로직 매수 - (매수가) 우선순위 : 1,-
20181116,엠씨넥스(A097520),매수,15550,621.0,매수로직 매수 - (매수가) 우선순위 : 1,-
20181116,유티아이(A179900),매도,6300,1485,날짜지나 매도 : 20181114 ~ 20181116 설정가격매도,-4.545454545454546%
20181121,앤디포스(A238090),매수,22093,419,매수로직 매수 - (매수가) 우선순위 : 1,-
20181121,엠씨넥스(A097520),매도,13750,621.0,날짜지나 매도 : 20181116 ~ 20181121 설정가격매도,-11.57556270096463%
20181122,앤디포스(A238090),매도,17654,419.0,손절가매도,-20.09233693930204%
20181130,슈프리마(A236200),매수,25900,334,매수로직 매수 - (매수가) 우선순위 : 1,-
20181130,아이디스(A143160),매수,29400,294.0,매수로직 매수 - (매수가) 우선순위 : 2,-
20181130,한창제지(A009460),매수,1765,4904,매수로직 매수 - (매수가) 우선순위 : 3,-
20181130,한창제지(A009460),매도,2029,4904,당일목표가매도,14.957507082152974%
20181203,아이디스(A143160),매도,33838,294.0,목표가매도,15.095238095238095%
20181204,티케이케미칼(A104480),매수,2640,3602,매수로직 매수 - (매수가) 우선순위 : 1,-
20181204,티케이케미칼(A104480),매도,3035,3602,당일목표가매도,14.962121212121213%
20181204,한창제지(A009460),매수,2330,4082,매수로직 매수 - (매수가) 우선순위 : 2,-
20181204,슈프리마(A236200),매도,26150,334,날짜지나 매도 : 20181130 ~ 20181204 설정가격매도,0.9652509652509652%
20181206,진양산업(A003780),매수,4825,2088.0,매수로직 매수 - (매수가) 우선순위 : 1,-
20181206,대신정보통신(A020180),매수,1470,6854,매수로직 매수 - (매수가) 우선순위 : 2,-
20181206,한창제지(A009460),매도,2430,4082,날짜지나 매도 : 20181204 ~ 20181206 설정가격매도,4.291845493562231%
20181210,진양산업(A003780),매도,4780,2088,날짜지나 매도 : 20181206 ~ 20181210 설정가격매도,-0.932642487046632%
20181210,대신정보통신(A020180),매도,1430,6854,날짜지나 매도 : 20181206 ~ 20181210 설정가격매도,-2.7210884353741496%
20181211,EG(A037370),매수,11950,831,매수로직 매수 - (매수가) 우선순위 : 1,-
20181212,아난티(A025980),매수,12150,824,매수로직 매수 - (매수가) 우선순위 : 1,-
20181212,EG(A037370),매도,13750,831.0,목표가매도,15.062761506276152%
20181214,아난티(A025980),매도,13050,824.0,날짜지나 매도 : 20181212 ~ 20181214 설정가격매도,7.4074074074074066%
20181218,보해양조(A000890),매수,2245,4741,매수로직 매수 - (매수가) 우선순위 : 2,-
20181219,STC(A123260),매수,3200,3333,매수로직 매수 - (매수가) 우선순위 : 1,-
20181219,흥국(A010240),매수,7550,1412,매수로직 매수 - (매수가) 우선순위 : 2,-
20181220,보해양조(A000890),매도,2320,4741,날짜지나 매도 : 20181218 ~ 20181220 설정가격매도,3.34075723830735%
20181221,제이엔케이히터(A126880),매수,4900,2172,매수로직 매수 - (매수가) 우선순위 : 1,-
20181221,STC(A123260),매도,3040,3333,날짜지나 매도 : 20181219 ~ 20181221 설정가격매도,-5.0%
20181221,흥국(A010240),매도,7730,1412,날짜지나 매도 : 20181219 ~ 20181221 설정가격매도,2.384105960264901%
20181224,아티스(A101140),매수,5340,1982,매수로직 매수 - (매수가) 우선순위 : 1,-
20181226,제이엔케이히터(A126880),매도,5040,2172.0,날짜지나 매도 : 20181221 ~ 20181226 설정가격매도,2.857142857142857%
20181227,이랜텍(A054210),매수,3580,3047,매수로직 매수 - (매수가) 우선순위 : 1,-
20181227,뉴로스(A126870),매수,6360,1715.0,매수로직 매수 - (매수가) 우선순위 : 2,-
20181227,아티스(A101140),매도,5630,1982.0,날짜지나 매도 : 20181224 ~ 20181227 설정가격매도,5.430711610486892%
20181228,한창제지(A009460),매수,2750,3974,매수로직 매수 - (매수가) 우선순위 : 1,-
20181228,한창제지(A009460),매도,3164,3974,당일목표가매도,15.054545454545455%
20190102,이랜텍(A054210),매도,3435,3047,날짜지나 매도 : 20181227 ~ 20190102 설정가격매도,-4.050279329608938%
20190102,뉴로스(A126870),매도,6800,1715,날짜지나 매도 : 20181227 ~ 20190102 설정가격매도,6.918238993710692%
20190103,풍국주정(A023900),매수,21000,547.0,매수로직 매수 - (매수가) 우선순위 : 1,-
20190103,제이엔케이히터(A126880),매수,5640,2038.0,매수로직 매수 - (매수가) 우선순위 : 2,-
20190104,장원테크(A174880),매수,19500,607,매수로직 매수 - (매수가) 우선순위 : 1,-
20190104,장원테크(A174880),매도,22270,607,당일목표가매도,14.205128205128206%
20190107,흥국(A010240),매수,7680,1534,매수로직 매수 - (매수가) 우선순위 : 1,-
20190107,풍국주정(A023900),매도,21800,547,날짜지나 매도 : 20190103 ~ 20190107 설정가격매도,3.8095238095238098%
20190107,제이엔케이히터(A126880),매도,5950,2038,날짜지나 매도 : 20190103 ~ 20190107 설정가격매도,5.49645390070922%
20190108,남성(A004270),매수,2025,6115,매수로직 매수 - (매수가) 우선순위 : 1,-
20190109,흥국(A010240),매도,7830,1534,날짜지나 매도 : 20190107 ~ 20190109 설정가격매도,1.953125%
20190110,에넥스(A011090),매수,1460,8507,매수로직 매수 - (매수가) 우선순위 : 1,-
20190111,남성(A004270),매도,1870,6115.0,날짜지나 매도 : 20190108 ~ 20190111 설정가격매도,-7.654320987654321%
20190114,티플랙스(A081150),매수,3365,3640,매수로직 매수 - (매수가) 우선순위 : 1,-
20190114,에넥스(A011090),매도,1520,8507,날짜지나 매도 : 20190110 ~ 20190114 설정가격매도,4.10958904109589%
20190115,한창제지(A009460),매수,3315,3720,매수로직 매수 - (매수가) 우선순위 : 1,-
20190116,한국내화(A010040),매수,9350,1296,매수로직 매수 - (매수가) 우선순위 : 1,-
20190116,티플랙스(A081150),매도,3525,3640,날짜지나 매도 : 20190114 ~ 20190116 설정가격매도,4.75482912332838%
20190117,장원테크(A174880),매수,29500,417,매수로직 매수 - (매수가) 우선순위 : 1,-
20190117,한창제지(A009460),매도,3125,3720,날짜지나 매도 : 20190115 ~ 20190117 설정가격매도,-5.731523378582202%
20190118,한국내화(A010040),매도,9120,1296,날짜지나 매도 : 20190116 ~ 20190118 설정가격매도,-2.4598930481283423%
20190121,제이엔케이히터(A126880),매수,9090,1342,매수로직 매수 - (매수가) 우선순위 : 1,-
20190121,장원테크(A174880),매도,30450,417,날짜지나 매도 : 20190117 ~ 20190121 설정가격매도,3.2203389830508473%
20190122,상아프론테크(A089980),매수,18850,661,매수로직 매수 - (매수가) 우선순위 : 1,-
20190122,미코(A059090),매수,7260,1706,매수로직 매수 - (매수가) 우선순위 : 2,-
20190123,제이엔케이히터(A126880),매도,9080,1342.0,날짜지나 매도 : 20190121 ~ 20190123 설정가격매도,-0.11001100110011%
20190124,포스코엠텍(A009520),매수,10150,1205,매수로직 매수 - (매수가) 우선순위 : 1,-
20190124,상아프론테크(A089980),매도,18300,661,날짜지나 매도 : 20190122 ~ 20190124 설정가격매도,-2.9177718832891246%
20190124,미코(A059090),매도,7680,1706,날짜지나 매도 : 20190122 ~ 20190124 설정가격매도,5.785123966942149%
20190125,아시아종묘(A154030),매수,9480,1309.0,매수로직 매수 - (매수가) 우선순위 : 2,-
20190125,아시아종묘(A154030),매도,10950,1309.0,당일목표가매도,15.50632911392405%
20190128,일진다이아(A081000),매수,42400,310,매수로직 매수 - (매수가) 우선순위 : 2,-
20190128,포스코엠텍(A009520),매도,10850,1205.0,날짜지나 매도 : 20190124 ~ 20190128 설정가격매도,6.896551724137931%
20190129,우수AMS(A066590),매수,5940,2213,매수로직 매수 - (매수가) 우선순위 : 1,-
20190129,도화엔지니어링(A002150),매수,14550,903,매수로직 매수 - (매수가) 우선순위 : 2,-
20190130,일진다이아(A081000),매도,42250,310,날짜지나 매도 : 20190128 ~ 20190130 설정가격매도,-0.3537735849056604%
20190131,동아지질(A028100),매수,22250,589,매수로직 매수 - (매수가) 우선순위 : 1,-
20190131,우수AMS(A066590),매도,6050,2213,날짜지나 매도 : 20190129 ~ 20190131 설정가격매도,1.8518518518518516%
20190131,도화엔지니어링(A002150),매도,14300,204.0,날짜지나 매도 : 20190129 ~ 20190131 설정가격매도,-1.718213058419244%
20190201,넷게임즈(A225570),매수,13650,936.0,매수로직 매수 - (매수가) 우선순위 : 1,-
20190201,도화엔지니어링(A002150),매도,13650,699,날짜지나 매도 : 20190129 ~ 20190201 설정가격매도,-6.185567010309279%
